Year,Country,Country Code,GDP/capita,Population,"Malaria cases/100,000 pop.","Under-5s (per 100,000)","All ages (per 100,000)","70+ years old (per 100,000)","50-69 years old (per 100,000)","15-49 years old (per 100,000)","5-14 years old (per 100,000)","Age-standardized (per 100,000)",Capital,Latitude,Longitude,Latitude Number,Longitude Number
2006,Albania,ALB,7917.167783,3156607.0,0.0,0.0,0.0,0.0,0.0,0.0,0.0,0.0,Tirane,41.18N,19.49E,41.18,19.49
2006,United Arab Emirates,ARE,88592.29742,4662728.0,0.0,0.0,0.03,0.04,0.05,0.03,0.0,0.03,Abu Dhabi,24.28N,54.22E,24.28,54.22
2006,Argentina,ARG,16592.264890000002,39023850.0,0.29562982,0.0,0.01,0.04,0.02,0.01,0.0,0.01,Buenos Aires,36.30S,60.00W,-36.3,-60.0
2006,Armenia,ARM,6110.226191,3069844.0,0.935483871,0.0,0.02,0.06,0.02,0.01,0.0,0.01,Yerevan,40.10N,44.31E,40.1,44.31
2006,Australia,AUS,39426.0204,20744295.0,0.0,0.0,0.0,0.0,0.0,0.0,0.0,0.0,Canberra,35.15S,149.08E,-35.15,149.08
2006,Austria,AUT,42324.05645,8273208.0,0.0,0.0,0.0,0.0,0.0,0.0,0.0,0.0,Vienna,48.12N,16.22E,48.12,16.22
2006,Azerbaijan,AZE,10711.182270000001,8701719.0,5.738095238,0.0,0.01,0.06,0.02,0.01,0.0,0.02,Baku,40.29N,49.56E,40.29,49.56
2006,Burundi,BDI,738.0924903,7474363.0,26993.85075,491.18,114.32,249.7,83.82,23.42,39.1,97.3,Bujumbura,03.16S,29.18E,-3.16,29.18
2006,Belgium,BEL,40600.18337,10474993.0,0.0,0.0,0.0,0.0,0.0,0.0,0.0,0.0,Brussels,50.51N,04.21E,50.51,4.21
2006,Benin,BEN,1752.9577399999998,7871707.0,12172.51563,636.27,138.06,249.33,79.36,20.06,43.5,107.77,Porto Novo (constitutional) ,06.23N,02.42E,6.23,2.42
2006,Burkina Faso,BFA,1270.171667,14622202.0,11894.467209999999,1247.67,275.62,361.84,120.72,29.25,68.45,187.9,Ouagadougou,12.15N,01.30W,12.15,-1.3
2006,Bangladesh,BGD,2031.271293,142353501.0,38.77232447,0.01,1.66,0.76,1.3,1.82,2.3,1.64,Dhaka,23.43N,90.26E,23.43,90.26
2006,Bulgaria,BGR,13640.4486,7689520.0,0.0,0.0,0.0,0.0,0.0,0.0,0.0,0.0,Sofia,42.45N,23.20E,42.45,23.2
2006,Bahrain,BHR,43237.848210000004,811410.0,0.0,0.0,0.0,0.0,0.0,0.0,0.0,0.0,Manama,26.10N,50.30E,26.1,50.3
2006,Bosnia and Herzegovina,BIH,8766.722026000001,3781588.0,0.0,0.0,0.0,0.0,0.0,0.0,0.0,0.0,Sarajevo,43.52N,18.26E,43.52,18.26
2006,Bolivia,BOL,4836.432476,9306660.0,165.66666669999998,0.22,0.11,0.33,0.15,0.07,0.07,0.12,La Paz,16.20S,68.10W,-16.2,-68.1
2006,Brazil,BRA,12644.93922,187958211.0,254.1964582,0.11,0.05,0.09,0.06,0.04,0.03,0.05,Brasilia,15.47S,47.55W,-15.47,-47.55
2006,Barbados,BRB,15868.37106,271062.0,0.0,0.0,0.0,0.0,0.0,0.0,0.0,0.0,Bridgetown,13.05N,59.30W,13.05,-59.3
2006,Botswana,BWA,12362.92918,1900905.0,1245.444444,1.27,1.23,4.07,2.24,1.25,0.57,1.55,Gaborone,24.45S,25.57E,-24.45,25.57
2006,Canada,CAN,41203.3504,32627978.0,0.0,0.0,0.0,0.0,0.0,0.0,0.0,0.0,Ottawa,45.27N,75.42W,45.27,-75.42
2006,Switzerland,CHE,54109.87523,7468350.0,0.0,0.0,0.0,0.0,0.0,0.0,0.0,0.0,Bern,46.57N,07.28E,46.57,7.28
2006,Chile,CHL,17890.59972,16468677.0,0.04375,0.0,0.0,0.0,0.0,0.0,0.0,0.0,Santiago,33.24S,70.40W,-33.24,-70.4
2006,China,CHN,6411.042988,1314581402.0,3.1192301789999997,0.01,0.02,0.04,0.02,0.02,0.0,0.02,Beijing,39.55N,116.20E,39.55,116.2
2006,Cameroon,CMR,2648.864998,17948395.0,2900.0,898.59,188.5,301.77,116.22,29.65,58.74,148.75,Yaounde,03.50N,11.35E,3.5,11.35
2006,Colombia,COL,9760.134926,43696540.0,260.2939866,0.41,0.16,0.39,0.16,0.11,0.13,0.17,Bogota,04.34N,74.00W,4.34,-74.0
2006,Costa Rica,CRI,11656.21429,4381820.0,29.97674419,0.0,0.01,0.03,0.01,0.01,0.0,0.01,San Jose,09.55N,84.02W,9.55,-84.02
2006,Cyprus,CYP,34599.02451,1048272.0,0.0,0.0,0.0,0.0,0.0,0.0,0.0,0.0,Nicosia,35.10N,33.25E,35.1,33.25
2006,Czech Republic,CZE,27429.414539999998,10258796.0,0.0,0.0,0.0,0.0,0.0,0.0,0.0,0.0,Prague,50.05N,14.22E,50.05,14.22
2006,Germany,DEU,39143.16624,82536138.0,0.0,0.0,0.0,0.0,0.0,0.0,0.0,0.0,Berlin,52.30N,13.25E,52.3,13.25
2006,Denmark,DNK,46159.913739999996,5442644.0,0.0,0.0,0.0,0.0,0.0,0.0,0.0,0.0,Copenhagen,55.41N,12.34E,55.41,12.34
2006,Dominican Republic,DOM,9576.577737,9398285.0,26.46067416,0.01,0.02,0.08,0.04,0.03,0.01,0.03,Santo Domingo,18.30N,69.59W,18.3,-69.59
2006,Algeria,DZA,12348.110429999999,33391954.0,0.9777070059999999,0.01,0.02,0.06,0.04,0.03,0.0,0.02,Algiers,36.42N,03.08E,36.42,3.08
2006,Ecuador,ECU,8837.380686,13639708.0,224.2045455,0.12,0.09,0.26,0.13,0.08,0.04,0.1,Quito,00.15S,78.35W,-0.15,-78.35
2006,Egypt,EGY,8398.874534999999,75568453.0,0.0,0.0,0.01,0.03,0.02,0.01,0.0,0.01,Cairo,30.01N,31.14E,30.01,31.14
2006,Spain,ESP,33700.883989999995,44017887.0,0.0,0.0,0.0,0.0,0.0,0.0,0.0,0.0,Madrid,40.25N,03.45W,40.25,-3.45
2006,Estonia,EST,25298.64605,1344038.0,0.0,0.0,0.0,0.0,0.0,0.0,0.0,0.0,Tallinn,59.22N,24.48E,59.22,24.48
2006,Ethiopia,ETH,789.8703701000001,75993403.0,799.5374823,56.98,15.0,46.71,16.42,5.21,5.46,15.33,Addis Ababa,09.02N,38.42E,9.02,38.42
2006,Finland,FIN,40546.08073,5265936.0,0.0,0.0,0.0,0.0,0.0,0.0,0.0,0.0,Helsinki,60.15N,25.03E,60.15,25.03
2006,France,FRA,37129.68413,61378065.0,0.0,0.0,0.0,0.0,0.0,0.0,0.0,0.0,Paris,48.50N,02.20E,48.5,2.2
2006,United Kingdom,GBR,37574.6935,60538143.0,0.0,0.0,0.0,0.0,0.0,0.0,0.0,0.0,London,51.36N,00.05W,51.36,-0.05
2006,Georgia,GEO,5432.077541,4442825.0,6.196078431,0.0,0.02,0.06,0.02,0.01,0.0,0.01,T'bilisi,41.43N,44.50E,41.43,44.5
2006,Gambia,GMB,1512.328142,1547259.0,17340.0,88.03,26.08,89.28,32.02,6.33,9.13,25.45,Banjul,13.28N,16.40W,13.28,-16.4
2006,Greece,GRC,31136.44696,11219300.0,0.0,0.0,0.0,0.0,0.0,0.0,0.0,0.0,Athens,37.58N,23.46E,37.58,23.46
2006,Guatemala,GTM,6458.000891,13034904.0,253.06504069999997,0.11,0.17,0.79,0.38,0.18,0.04,0.23,Guatemala,14.40N,90.22W,14.4,-90.22
2006,Guyana,GUY,4938.653195,748321.0,3773.333333,1.08,1.85,2.76,3.02,2.4,0.49,2.08,Georgetown,06.50N,58.12W,6.5,-58.12
2006,Honduras,HND,3852.2137340000004,7017769.0,146.69565219999998,0.44,0.34,1.36,0.54,0.29,0.2,0.42,Tegucigalpa,14.05N,87.14W,14.05,-87.14
2006,Croatia,HRV,20489.72878,4433791.0,0.0,0.0,0.0,0.0,0.0,0.0,0.0,0.0,Zagreb,45.50N,15.58E,45.5,15.58
2006,Hungary,HUN,23202.90095,10064274.0,0.0,0.0,0.0,0.0,0.0,0.0,0.0,0.0,Budapest,47.29N,19.05E,47.29,19.05
2006,Indonesia,IDN,7102.1145400000005,229918547.0,98.86477987,3.19,2.46,13.57,3.57,2.13,0.7,3.46,Jakarta,06.09S,106.49E,-6.09,106.49
2006,India,IND,3419.931107,1157038539.0,167.1831065,23.61,4.82,6.99,3.36,1.29,4.64,4.68,New Delhi,28.37N,77.13E,28.37,77.13
2006,Ireland,IRL,50410.93865,4226428.0,0.0,0.0,0.0,0.0,0.0,0.0,0.0,0.0,Dublin,53.21N,06.15W,53.21,-6.15
2006,Iceland,ISL,40789.96432,301010.0,0.0,0.0,0.0,0.0,0.0,0.0,0.0,0.0,Reykjavik,64.10N,21.57W,64.1,-21.57
2006,Israel,ISR,27370.807839999998,6755143.0,0.0,0.0,0.0,0.0,0.0,0.0,0.0,0.0,Jerusalem,31.71N,35.10W,31.71,-35.1
2006,Italy,ITA,38243.80606,59082100.0,0.0,0.0,0.0,0.0,0.0,0.0,0.0,0.0,Rome,41.54N,12.29E,41.54,12.29
2006,Jamaica,JAM,8605.980282999999,2696334.0,5.185185185,0.0,0.0,0.0,0.0,0.0,0.0,0.0,Kingston,18.00N,76.50W,18.0,-76.5
2006,Jordan,JOR,9158.915104000002,5495117.0,0.0,0.0,0.0,0.0,0.0,0.0,0.0,0.0,Amman,31.57N,35.52E,31.57,35.52
2006,Kazakhstan,KAZ,17541.32577,15312333.0,0.08,0.0,0.0,0.0,0.0,0.0,0.0,0.0,Astana,51.10N,71.30E,51.1,71.3
2006,Kenya,KEN,2303.748411,36540948.0,389.3322884,109.78,25.74,71.54,24.77,6.12,7.92,24.58,Nairobi,01.17S,36.48E,-1.17,36.48
2006,Kyrgyzstan,KGZ,2417.579471,5083724.0,1.9,0.0,0.02,0.08,0.03,0.02,0.0,0.02,Bishkek,42.54N,74.46E,42.54,74.46
2006,Cambodia,KHM,2148.332688,13515884.0,505.37588650000004,27.43,16.58,24.01,19.25,17.11,8.43,17.31,Phnom Penh,11.33N,104.55E,11.33,104.55
2006,Kuwait,KWT,96244.33671,2351441.0,0.0,0.0,0.0,0.0,0.0,0.0,0.0,0.0,Kuwait,29.30N,48.00E,29.3,48.0
2006,Lesotho,LSO,2026.311255,2085561.0,0.0,0.0,0.0,0.0,0.0,0.0,0.0,0.0,Maseru,29.18S,27.30E,-29.18,27.3
2006,Lithuania,LTU,20217.82127,3397895.0,0.0,0.0,0.0,0.0,0.0,0.0,0.0,0.0,Vilnius,54.38N,25.19E,54.38,25.19
2006,Luxembourg,LUX,91724.18248999999,465586.0,0.0,0.0,0.0,0.0,0.0,0.0,0.0,0.0,Luxembourg,49.37N,06.09E,49.37,6.09
2006,Latvia,LVA,19756.83395,2293080.0,0.0,0.0,0.0,0.0,0.0,0.0,0.0,0.0,Riga,56.53N,24.08E,56.53,24.08
2006,Madagascar,MDG,1417.278583,18426870.0,12151.72414,235.61,61.49,149.29,53.61,17.35,23.4,55.27,Antananarivo,18.55S,47.31E,-18.55,47.31
2006,Mexico,MEX,15792.4009,107835259.0,3.2469018110000003,0.0,0.01,0.04,0.02,0.01,0.0,0.01,Mexico,19.20N,99.10W,19.2,-99.1
2006,Macedonia,MKD,9854.361809999999,2043091.0,0.0,0.0,0.0,0.0,0.0,0.0,0.0,0.0,Skopje,42.01N,21.26E,42.01,21.26
2006,Macedonia,MKD,9854.361809999999,2043091.0,0.0,0.0,0.0,0.0,0.0,0.0,0.0,0.0,Belgrade,44.50N,20.37E,44.5,20.37
2006,Mali,MLI,1783.1103260000002,13592796.0,6226.369231000001,948.26,210.81,230.26,78.84,19.4,61.28,137.04,Bamako,12.34N,07.55W,12.34,-7.55
2006,Malta,MLT,26686.808390000002,411084.0,0.0,0.0,0.0,0.0,0.0,0.0,0.0,0.0,Valletta,35.54N,14.31E,35.54,14.31
2006,Mozambique,MOZ,791.927644,21290952.0,26919.92063,650.84,142.7,171.42,53.73,18.93,44.29,97.82,Maputo,25.58S,32.32E,-25.58,32.32
2006,Mauritania,MRT,3449.960156,3129959.0,5979.392857,89.17,18.59,50.3,17.85,4.34,6.72,18.47,Nouakchott,20.10S,57.30E,-20.1,57.3
2006,Malaysia,MYS,19251.21044,26586287.0,22.44672131,0.05,0.05,0.22,0.12,0.05,0.01,0.07,Kuala Lumpur,03.09N,101.41E,3.09,101.41
2006,Namibia,NAM,7684.321193000001,2118653.0,22204.05,22.16,8.85,23.32,12.38,5.89,5.27,9.79,Windhoek,22.35S,17.04E,-22.35,17.04
2006,Nigeria,NGA,4374.284423,143338939.0,2103.6120969999997,1037.65,205.03,264.61,65.95,17.15,59.01,146.28,Abuja,09.05N,07.32E,9.05,7.32
2006,Nicaragua,NIC,3864.693486,5493527.0,122.5178571,0.08,0.07,0.24,0.11,0.06,0.02,0.08,Managua,12.06N,86.20W,12.06,-86.2
2006,Netherlands,NLD,44965.885,16377959.0,0.0,0.0,0.0,0.0,0.0,0.0,0.0,0.0,Amsterdam ,52.23N,04.54E,52.23,4.54
2006,Norway,NOR,63877.78416,4668802.0,0.0,0.0,0.0,0.0,0.0,0.0,0.0,0.0,Oslo,59.55N,10.45E,59.55,10.45
2006,Nepal,NPL,1720.853441,27833665.0,37.27777778,10.02,3.26,5.21,2.22,0.79,4.51,2.87,Kathmandu,27.45N,85.20E,27.45,85.2
2006,New Zealand,NZL,32564.3035,4184903.0,0.0,0.0,0.0,0.0,0.0,0.0,0.0,0.0,Wellington,41.19S,174.46E,-41.19,174.46
2006,Pakistan,PAK,4174.979611,161513324.0,81.47916667,5.38,3.95,9.54,3.52,1.38,8.04,3.87,Islamabad,33.40N,73.10E,33.4,73.1
2006,Panama,PAN,12671.766309999999,3294583.0,159.21875,0.0,0.01,0.04,0.02,0.01,0.0,0.01,Panama,09.00N,79.25W,9.0,-79.25
2006,Peru,PER,8067.8986780000005,27866387.0,292.18014710000006,0.04,0.03,0.15,0.07,0.03,0.01,0.04,Lima,12.00S,77.00W,-12.0,-77.0
2006,Philippines,PHL,4941.598588,87116275.0,54.555,0.14,0.23,0.86,0.47,0.24,0.08,0.3,Manila,14.40N,121.03E,14.4,121.03
2006,Poland,POL,18267.58012,38170330.0,0.0,0.0,0.0,0.0,0.0,0.0,0.0,0.0,Warsaw,52.13N,21.00E,52.13,21.0
2006,Portugal,PRT,26957.63637,10577630.0,0.0,0.0,0.0,0.0,0.0,0.0,0.0,0.0,Lisbon,38.42N,09.10W,38.42,-9.1
2006,Paraguay,PRY,6318.750789,6008597.0,11.56666667,0.0,0.01,0.05,0.02,0.01,0.0,0.01,Asuncion,25.10S,57.30W,-25.1,-57.3
2006,Qatar,QAT,118585.1575,978336.0,0.0,0.0,0.0,0.0,0.0,0.0,0.0,0.0,Doha,25.15N,51.35E,25.15,51.35
2006,Romania,ROU,15930.26473,21705175.0,0.0,0.0,0.0,0.0,0.0,0.0,0.0,0.0,Bucuresti,44.27N,26.10E,44.27,26.1
2006,Russia,RUS,20970.1899,143510059.0,0.0,0.0,0.0,0.0,0.0,0.0,0.0,0.0,Moskva,55.45N,37.35E,55.45,37.35
2006,El Salvador,SLV,7195.7399700000005,6074487.0,1.307692308,0.0,0.01,0.04,0.01,0.02,0.0,0.02,San Salvador,13.40N,89.10W,13.4,-89.1
2006,Slovakia,SVK,21712.178359999998,5422122.0,0.0,0.0,0.0,0.0,0.0,0.0,0.0,0.0,Bratislava,48.10N,17.07E,48.1,17.07
2006,Slovenia,SVN,28389.3382,2006903.0,0.0,0.0,0.0,0.0,0.0,0.0,0.0,0.0,Ljubljana,46.04N,14.33E,46.04,14.33
2006,Sweden,SWE,42918.01025,9090707.0,0.0,0.0,0.0,0.0,0.0,0.0,0.0,0.0,Stockholm,59.20N,18.03E,59.2,18.03
2006,Chad,TCD,1743.6178510000002,10084087.0,4767.864197999999,320.48,70.1,105.64,38.15,8.64,18.25,51.21,N'Djamena,12.10N,14.59E,12.1,14.59
2006,Thailand,THA,12024.67183,67276383.0,59.48248408,0.13,0.15,0.24,0.15,0.16,0.1,0.15,Bangkok,13.45N,100.35E,13.45,100.35
2006,Tajikistan,TJK,1788.110936,6524634.0,87.5483871,0.04,0.06,0.13,0.06,0.03,0.12,0.06,Dushanbe,38.33N,68.48E,38.33,68.48
2006,Tunisia,TUN,9179.489146,10017832.0,0.0,0.0,0.0,0.0,0.0,0.0,0.0,0.0,Tunis,36.50N,10.11E,36.5,10.11
2006,Turkey,TUR,17250.77173,69063538.0,12.93408135,0.0,0.01,0.04,0.01,0.01,0.0,0.01,Ankara,39.57N,32.54E,39.57,32.54
2006,Tanzania,TZA,1847.6026510000002,39923609.0,3000.0,301.95,68.23,101.5,35.75,10.82,19.33,50.12,Dodoma,06.08S,35.45E,-6.08,35.45
2006,Uganda,UGA,1329.8332599999999,29370251.0,47842.678289999996,812.58,201.1,330.07,113.2,29.5,55.24,144.5,Kampala,00.20N,32.30E,0.2,32.3
2006,Ukraine,UKR,7828.081179000001,46591797.0,0.0,0.0,0.0,0.0,0.0,0.0,0.0,0.0,Kiev (Russia),50.30N,30.28E,50.3,30.28
2006,Uruguay,URY,13485.55486,3327451.0,1.588235294,0.0,0.0,0.0,0.0,0.0,0.0,0.0,Montevideo,34.50S,56.11W,-34.5,-56.11
2006,United States,USA,50598.94836,299564470.0,0.0,0.0,0.0,0.0,0.0,0.0,0.0,0.0,Washington DC,39.91N,77.02W,39.91,-77.02
2006,Venezuela,VEN,16149.48034,27128721.0,178.0725191,0.08,0.07,0.16,0.1,0.08,0.02,0.08,Caracas,10.30N,66.55W,10.3,-66.55
2006,Vietnam,VNM,3686.955728,84075580.0,45.96560197,1.63,1.29,3.2,1.93,1.23,0.46,1.4,Hanoi,21.05N,105.55E,21.05,105.55
2006,South Africa,ZAF,11525.97788,48330914.0,29.88,0.29,0.43,0.51,0.53,0.48,0.29,0.46,Cape Town (legislative) ,25.44S,28.12E,-25.44,28.12
2006,Zambia,ZMB,2607.1327760000004,11750105.0,18964.009430000002,153.09,39.47,95.43,35.93,9.98,13.28,35.59,Lusaka,15.28S,28.16E,-15.28,28.16
2006,Zimbabwe,ZWE,1574.5124560000002,12529655.0,9562.351145,20.33,9.78,30.07,15.32,7.48,5.32,11.47,Harare,17.43S,31.02E,-17.43,31.02
2007,Albania,ALB,8447.882285,3169665.0,0.0,0.0,0.0,0.0,0.0,0.0,0.0,0.0,Tirane,41.18N,19.49E,41.18,19.49
2007,United Arab Emirates,ARE,79283.0527,5405541.0,0.0,0.0,0.0,0.0,0.0,0.0,0.0,0.0,Abu Dhabi,24.28N,54.22E,24.28,54.22
2007,Argentina,ARG,17900.70634,39368066.0,0.29562982,0.0,0.01,0.04,0.02,0.01,0.0,0.01,Buenos Aires,36.30S,60.00W,-36.3,-60.0
2007,Armenia,ARM,7010.627056,3074181.0,0.935483871,0.0,0.01,0.05,0.02,0.01,0.0,0.01,Yerevan,40.10N,44.31E,40.1,44.31
2007,Australia,AUS,40649.66422,21119988.0,0.0,0.0,0.0,0.0,0.0,0.0,0.0,0.0,Canberra,35.15S,149.08E,-35.15,149.08
2007,Austria,AUT,43714.89634,8309783.0,0.0,0.0,0.0,0.0,0.0,0.0,0.0,0.0,Vienna,48.12N,16.22E,48.12,16.22
2007,Azerbaijan,AZE,13243.21286,8821012.0,5.738095238,0.0,0.01,0.06,0.02,0.01,0.0,0.01,Baku,40.29N,49.56E,40.29,49.56
2007,Burundi,BDI,747.6764747000001,7707781.0,26993.85075,439.07,104.54,241.97,77.89,22.01,35.52,89.86,Bujumbura,03.16S,29.18E,-3.16,29.18
2007,Belgium,BEL,41672.432010000004,10538758.0,0.0,0.0,0.0,0.0,0.0,0.0,0.0,0.0,Brussels,50.51N,04.21E,50.51,4.21
2007,Benin,BEN,1805.622568,8112573.0,12172.51563,593.91,131.58,260.85,82.27,20.82,42.35,105.73,Porto Novo (constitutional) ,06.23N,02.42E,6.23,2.42
2007,Burkina Faso,BFA,1302.184069,15061127.0,11894.467209999999,1231.62,273.27,371.01,122.59,29.79,67.8,187.75,Ouagadougou,12.15N,01.30W,12.15,-1.3
2007,Bangladesh,BGD,2148.473993,143956805.0,38.77232447,0.01,1.58,0.78,1.27,1.75,2.14,1.56,Dhaka,23.43N,90.26E,23.43,90.26
2007,Bulgaria,BGR,14795.79272,7640283.0,0.0,0.0,0.0,0.0,0.0,0.0,0.0,0.0,Sofia,42.45N,23.20E,42.45,23.2
2007,Bahrain,BHR,43321.2836,925733.0,0.0,0.0,0.0,0.0,0.0,0.0,0.0,0.0,Manama,26.10N,50.30E,26.1,50.3
2007,Bosnia and Herzegovina,BIH,9282.375631,3779034.0,0.0,0.0,0.0,0.0,0.0,0.0,0.0,0.0,Sarajevo,43.52N,18.26E,43.52,18.26
2007,Bolivia,BOL,4972.4915630000005,9463497.0,165.66666669999998,0.2,0.1,0.32,0.14,0.07,0.07,0.11,La Paz,16.20S,68.10W,-16.2,-68.1
2007,Brazil,BRA,13271.047040000001,189798070.0,254.1964582,0.1,0.05,0.09,0.06,0.04,0.03,0.05,Brasilia,15.47S,47.55W,-15.47,-47.55
2007,Barbados,BRB,16083.36667,271618.0,0.0,0.0,0.0,0.0,0.0,0.0,0.0,0.0,Bridgetown,13.05N,59.30W,13.05,-59.3
2007,Botswana,BWA,13175.17962,1927540.0,1245.444444,1.18,1.05,3.35,1.85,1.04,0.48,1.3,Gaborone,24.45S,25.57E,-24.45,25.57
2007,Canada,CAN,41647.38781,32977334.0,0.0,0.0,0.0,0.0,0.0,0.0,0.0,0.0,Ottawa,45.27N,75.42W,45.27,-75.42
2007,Switzerland,CHE,55848.859410000005,7521613.0,0.0,0.0,0.0,0.0,0.0,0.0,0.0,0.0,Bern,46.57N,07.28E,46.57,7.28
2007,Chile,CHL,18572.56839,16633254.0,0.04375,0.0,0.0,0.0,0.0,0.0,0.0,0.0,Santiago,33.24S,70.40W,-33.24,-70.4
2007,China,CHN,7285.2749189999995,1321481935.0,3.1192301789999997,0.0,0.02,0.04,0.02,0.02,0.0,0.02,Beijing,39.55N,116.20E,39.55,116.2
2007,Cameroon,CMR,2661.381529,18350022.0,2900.0,832.59,176.22,293.14,113.11,28.69,54.55,140.48,Yaounde,03.50N,11.35E,3.5,11.35
2007,Colombia,COL,10306.94749,44352327.0,260.2939866,0.37,0.14,0.36,0.15,0.1,0.11,0.16,Bogota,04.34N,74.00W,4.34,-74.0
2007,Costa Rica,CRI,12433.201570000001,4452608.0,29.97674419,0.0,0.01,0.03,0.01,0.01,0.0,0.01,San Jose,09.55N,84.02W,9.55,-84.02
2007,Cyprus,CYP,35502.955969999995,1063027.0,0.0,0.0,0.0,0.0,0.0,0.0,0.0,0.0,Nicosia,35.10N,33.25E,35.1,33.25
2007,Czech Republic,CZE,28777.63933,10313525.0,0.0,0.0,0.0,0.0,0.0,0.0,0.0,0.0,Prague,50.05N,14.22E,50.05,14.22
2007,Germany,DEU,40473.52745,82516297.0,0.0,0.0,0.0,0.0,0.0,0.0,0.0,0.0,Berlin,52.30N,13.25E,52.3,13.25
2007,Denmark,DNK,46373.51666,5469130.0,0.0,0.0,0.0,0.0,0.0,0.0,0.0,0.0,Copenhagen,55.41N,12.34E,55.41,12.34
2007,Dominican Republic,DOM,10265.03732,9531954.0,26.46067416,0.01,0.02,0.08,0.04,0.03,0.01,0.03,Santo Domingo,18.30N,69.59W,18.3,-69.59
2007,Algeria,DZA,12570.27725,33906605.0,0.9777070059999999,0.01,0.02,0.06,0.04,0.03,0.0,0.02,Algiers,36.42N,03.08E,36.42,3.08
2007,Ecuador,ECU,8879.636854,13849721.0,224.2045455,0.1,0.08,0.24,0.12,0.07,0.03,0.09,Quito,00.15S,78.35W,-0.15,-78.35
2007,Egypt,EGY,8838.524796,76941572.0,0.0,0.0,0.01,0.03,0.02,0.01,0.0,0.01,Cairo,30.01N,31.14E,30.01,31.14
2007,Spain,ESP,34329.647339999996,44604384.0,0.0,0.0,0.0,0.0,0.0,0.0,0.0,0.0,Madrid,40.25N,03.45W,40.25,-3.45
2007,Estonia,EST,27383.46956,1342873.0,0.0,0.0,0.0,0.0,0.0,0.0,0.0,0.0,Tallinn,59.22N,24.48E,59.22,24.48
2007,Ethiopia,ETH,856.9948399,77718436.0,799.5374823,42.42,11.19,35.39,12.37,3.92,4.09,11.52,Addis Ababa,09.02N,38.42E,9.02,38.42
2007,Finland,FIN,42467.261,5290431.0,0.0,0.0,0.0,0.0,0.0,0.0,0.0,0.0,Helsinki,60.15N,25.03E,60.15,25.03
2007,France,FRA,37772.07657,61744596.0,0.0,0.0,0.0,0.0,0.0,0.0,0.0,0.0,Paris,48.50N,02.20E,48.5,2.2
2007,United Kingdom,GBR,38236.14064,60896101.0,0.0,0.0,0.0,0.0,0.0,0.0,0.0,0.0,London,51.36N,00.05W,51.36,-0.05
2007,Georgia,GEO,6183.343492,4415956.0,6.196078431,0.0,0.02,0.05,0.02,0.01,0.0,0.01,T'bilisi,41.43N,44.50E,41.43,44.5
2007,Gambia,GMB,1518.2672949999999,1591357.0,17340.0,77.65,23.38,87.61,30.46,6.05,8.15,23.75,Banjul,13.28N,16.40W,13.28,-16.4
2007,Greece,GRC,32073.9604,11255717.0,0.0,0.0,0.0,0.0,0.0,0.0,0.0,0.0,Athens,37.58N,23.46E,37.58,23.46
2007,Guatemala,GTM,6713.146445,13358842.0,253.06504069999997,0.09,0.15,0.69,0.34,0.17,0.04,0.21,Guatemala,14.40N,90.22W,14.4,-90.22
2007,Guyana,GUY,5297.602571,750068.0,3773.333333,0.94,1.7,2.62,2.79,2.22,0.42,1.92,Georgetown,06.50N,58.12W,6.5,-58.12
2007,Honduras,HND,4002.2051659999997,7158819.0,146.69565219999998,0.43,0.33,1.36,0.53,0.29,0.2,0.41,Tegucigalpa,14.05N,87.14W,14.05,-87.14
2007,Croatia,HRV,21564.3782,4425995.0,0.0,0.0,0.0,0.0,0.0,0.0,0.0,0.0,Zagreb,45.50N,15.58E,45.5,15.58
2007,Hungary,HUN,23343.06469,10042572.0,0.0,0.0,0.0,0.0,0.0,0.0,0.0,0.0,Budapest,47.29N,19.05E,47.29,19.05
2007,Indonesia,IDN,7450.602158,232461746.0,98.86477987,3.06,2.4,13.34,3.51,2.07,0.66,3.37,Jakarta,06.09S,106.49E,-6.09,106.49
2007,India,IND,3698.77749,1173971629.0,167.1831065,22.81,4.66,7.01,3.33,1.28,4.5,4.57,New Delhi,28.37N,77.13E,28.37,77.13
2007,Ireland,IRL,50833.8212,4291258.0,0.0,0.0,0.0,0.0,0.0,0.0,0.0,0.0,Dublin,53.21N,06.15W,53.21,-6.15
2007,Iceland,ISL,43489.49517,305721.0,0.0,0.0,0.0,0.0,0.0,0.0,0.0,0.0,Reykjavik,64.10N,21.57W,64.1,-21.57
2007,Israel,ISR,28538.625669999998,6920182.0,0.0,0.0,0.0,0.0,0.0,0.0,0.0,0.0,Jerusalem,31.71N,35.10W,31.71,-35.1
2007,Italy,ITA,38612.01251,59495243.0,0.0,0.0,0.0,0.0,0.0,0.0,0.0,0.0,Rome,41.54N,12.29E,41.54,12.29
2007,Jamaica,JAM,8681.445679,2709042.0,5.185185185,0.0,0.0,0.0,0.0,0.0,0.0,0.0,Kingston,18.00N,76.50W,18.0,-76.5
2007,Jordan,JOR,9493.44571,5667443.0,0.0,0.0,0.0,0.0,0.0,0.0,0.0,0.0,Amman,31.57N,35.52E,31.57,35.52
2007,Kazakhstan,KAZ,18885.24324,15476093.0,0.08,0.0,0.0,0.0,0.0,0.0,0.0,0.0,Astana,51.10N,71.30E,51.1,71.3
2007,Kenya,KEN,2394.751519,37485246.0,389.3322884,92.32,21.35,59.69,20.09,5.01,6.33,20.38,Nairobi,01.17S,36.48E,-1.17,36.48
2007,Kyrgyzstan,KGZ,2599.206018,5139213.0,1.9,0.0,0.01,0.07,0.03,0.02,0.0,0.02,Bishkek,42.54N,74.46E,42.54,74.46
2007,Cambodia,KHM,2332.726846,13669857.0,505.37588650000004,24.32,15.71,23.41,18.56,16.5,7.66,16.45,Phnom Penh,11.33N,104.55E,11.33,104.55
2007,Kuwait,KWT,96870.42782000001,2447818.0,0.0,0.0,0.0,0.0,0.0,0.0,0.0,0.0,Kuwait,29.30N,48.00E,29.3,48.0
2007,Libya,LBY,28621.6269,6023053.0,0.2,0.0,0.0,0.0,0.0,0.0,0.0,0.0,Tripoli,32.49N,13.07E,32.49,13.07
2007,Lesotho,LSO,2105.949438,2106128.0,0.0,0.0,0.0,0.0,0.0,0.0,0.0,0.0,Maseru,29.18S,27.30E,-29.18,27.3
2007,Lithuania,LTU,22727.758469999997,3379043.0,0.0,0.0,0.0,0.0,0.0,0.0,0.0,0.0,Vilnius,54.38N,25.19E,54.38,25.19
2007,Luxembourg,LUX,97864.1951,475714.0,0.0,0.0,0.0,0.0,0.0,0.0,0.0,0.0,Luxembourg,49.37N,06.09E,49.37,6.09
2007,Latvia,LVA,21900.53801,2281693.0,0.0,0.0,0.0,0.0,0.0,0.0,0.0,0.0,Riga,56.53N,24.08E,56.53,24.08
2007,Madagascar,MDG,1462.8583230000002,18980391.0,12151.72414,212.49,56.16,146.85,51.64,16.76,21.26,52.09,Antananarivo,18.55S,47.31E,-18.55,47.31
2007,Mexico,MEX,16044.25262,109220753.0,3.2469018110000003,0.0,0.01,0.04,0.01,0.01,0.0,0.01,Mexico,19.20N,99.10W,19.2,-99.1
2007,Macedonia,MKD,10480.53286,2047922.0,0.0,0.0,0.0,0.0,0.0,0.0,0.0,0.0,Skopje,42.01N,21.26E,42.01,21.26
2007,Macedonia,MKD,10480.53286,2047922.0,0.0,0.0,0.0,0.0,0.0,0.0,0.0,0.0,Belgrade,44.50N,20.37E,44.5,20.37
2007,Mali,MLI,1784.8784850000002,14020786.0,6226.369231000001,886.0,197.41,230.42,77.41,18.92,57.4,130.23,Bamako,12.34N,07.55W,12.34,-7.55
2007,Malta,MLT,27654.05104,412608.0,0.0,0.0,0.0,0.0,0.0,0.0,0.0,0.0,Valletta,35.54N,14.31E,35.54,14.31
2007,Mozambique,MOZ,826.1626679999999,21811326.0,26919.92063,571.98,127.73,165.73,51.94,18.15,40.27,89.11,Maputo,25.58S,32.32E,-25.58,32.32
2007,Mauritania,MRT,3448.64871,3212672.0,5979.392857,81.5,17.08,47.78,16.71,4.09,6.04,17.15,Nouakchott,20.10S,57.30E,-20.1,57.3
2007,Malaysia,MYS,20684.5749,27051142.0,22.44672131,0.04,0.05,0.21,0.12,0.05,0.01,0.07,Kuala Lumpur,03.09N,101.41E,3.09,101.41
2007,Namibia,NAM,8097.550854000001,2158984.0,22204.05,20.77,7.63,18.96,10.14,4.91,4.33,8.29,Windhoek,22.35S,17.04E,-22.35,17.04
2007,Nigeria,NGA,4551.605434,146951477.0,2103.6120969999997,1036.69,205.51,263.58,65.61,16.99,59.33,146.09,Abuja,09.05N,07.32E,9.05,7.32
2007,Nicaragua,NIC,4008.008361,5563654.0,122.5178571,0.07,0.06,0.22,0.11,0.06,0.01,0.07,Managua,12.06N,86.20W,12.06,-86.2
2007,Netherlands,NLD,46527.618389999996,16443483.0,0.0,0.0,0.0,0.0,0.0,0.0,0.0,0.0,Amsterdam ,52.23N,04.54E,52.23,4.54
2007,Norway,NOR,65072.431260000005,4722016.0,0.0,0.0,0.0,0.0,0.0,0.0,0.0,0.0,Oslo,59.55N,10.45E,59.55,10.45
2007,Nepal,NPL,1760.9457079999997,28373838.0,37.27777778,9.62,3.13,5.17,2.2,0.78,4.33,2.78,Kathmandu,27.45N,85.20E,27.45,85.2
2007,New Zealand,NZL,33193.62663,4232461.0,0.0,0.0,0.0,0.0,0.0,0.0,0.0,0.0,Wellington,41.19S,174.46E,-41.19,174.46
2007,Oman,OMN,43034.25118,2561187.0,25.51724138,0.0,0.0,0.0,0.0,0.0,0.0,0.0,Masqat,23.37N,58.36E,23.37,58.36
2007,Pakistan,PAK,4288.331463,164445596.0,81.47916667,5.33,3.9,9.61,3.51,1.38,7.98,3.86,Islamabad,33.40N,73.10E,33.4,73.1
2007,Panama,PAN,13936.01771,3350673.0,159.21875,0.0,0.01,0.04,0.02,0.01,0.0,0.01,Panama,09.00N,79.25W,9.0,-79.25
2007,Peru,PER,8649.080662999999,28166078.0,292.18014710000006,0.04,0.03,0.15,0.06,0.03,0.01,0.04,Lima,12.00S,77.00W,-12.0,-77.0
2007,Philippines,PHL,5181.00341,88652631.0,54.555,0.13,0.21,0.81,0.44,0.23,0.07,0.28,Manila,14.40N,121.03E,14.4,121.03
2007,Poland,POL,19563.28918,38189762.0,0.0,0.0,0.0,0.0,0.0,0.0,0.0,0.0,Warsaw,52.13N,21.00E,52.13,21.0
2007,Portugal,PRT,27575.23662,10608036.0,0.0,0.0,0.0,0.0,0.0,0.0,0.0,0.0,Lisbon,38.42N,09.10W,38.42,-9.1
2007,Paraguay,PRY,6568.253231000001,6119295.0,11.56666667,0.0,0.01,0.04,0.02,0.01,0.0,0.01,Asuncion,25.10S,57.30W,-25.1,-57.3
2007,Qatar,QAT,118831.6554,1178192.0,0.0,0.0,0.0,0.0,0.0,0.0,0.0,0.0,Doha,25.15N,51.35E,25.15,51.35
2007,Romania,ROU,17277.02378,21644886.0,0.0,0.0,0.0,0.0,0.0,0.0,0.0,0.0,Bucuresti,44.27N,26.10E,44.27,26.1
2007,Russia,RUS,22798.970830000002,143294533.0,0.0,0.0,0.0,0.0,0.0,0.0,0.0,0.0,Moskva,55.45N,37.35E,55.45,37.35
2007,Saudi Arabia,SAU,45130.13956,25504176.0,7.123966942000001,0.01,0.06,0.12,0.1,0.08,0.0,0.07,Riyadh,24.41N,46.42E,24.41,46.42
2007,Senegal,SEN,2144.093193,11474661.0,11925.0,189.83,47.17,129.5,50.29,11.93,15.1,45.18,Dakar,14.34N,17.29W,14.34,-17.29
2007,El Salvador,SLV,7438.880372,6100868.0,1.307692308,0.0,0.01,0.03,0.01,0.02,0.0,0.01,San Salvador,13.40N,89.10W,13.4,-89.1
2007,Slovakia,SVK,24049.983369999998,5430974.0,0.0,0.0,0.0,0.0,0.0,0.0,0.0,0.0,Bratislava,48.10N,17.07E,48.1,17.07
2007,Slovenia,SVN,30190.72365,2012345.0,0.0,0.0,0.0,0.0,0.0,0.0,0.0,0.0,Ljubljana,46.04N,14.33E,46.04,14.33
2007,Sweden,SWE,44051.46761,9161374.0,0.0,0.0,0.0,0.0,0.0,0.0,0.0,0.0,Stockholm,59.20N,18.03E,59.2,18.03
2007,Chad,TCD,1741.487056,10371839.0,4767.864197999999,280.36,62.19,97.96,35.18,8.04,16.71,45.99,N'Djamena,12.10N,14.59E,12.1,14.59
2007,Thailand,THA,12607.08111,67796451.0,59.48248408,0.1,0.12,0.21,0.13,0.13,0.07,0.12,Bangkok,13.45N,100.35E,13.45,100.35
2007,Tajikistan,TJK,1886.66563,6604426.0,87.5483871,0.03,0.06,0.12,0.05,0.03,0.12,0.06,Dushanbe,38.33N,68.48E,38.33,68.48
2007,Tunisia,TUN,9698.423639,10130368.0,0.0,0.0,0.0,0.0,0.0,0.0,0.0,0.0,Tunis,36.50N,10.11E,36.5,10.11
2007,Turkey,TUR,17901.47793,69992754.0,12.93408135,0.0,0.01,0.04,0.01,0.01,0.0,0.01,Ankara,39.57N,32.54E,39.57,32.54
2007,Tanzania,TZA,1942.488616,41068185.0,3000.0,228.9,51.79,79.32,28.09,8.43,14.43,38.43,Dodoma,06.08S,35.45E,-6.08,35.45
2007,Uganda,UGA,1392.698402,30339895.0,47842.678289999996,755.92,187.83,321.74,108.53,28.19,53.02,136.52,Kampala,00.20N,32.30E,0.2,32.3
2007,Ukraine,UKR,8497.059496,46282158.0,0.0,0.0,0.0,0.0,0.0,0.0,0.0,0.0,Kiev (Russia),50.30N,30.28E,50.3,30.28
2007,Uruguay,URY,14330.294719999998,3335528.0,1.588235294,0.0,0.0,0.0,0.0,0.0,0.0,0.0,Montevideo,34.50S,56.11W,-34.5,-56.11
2007,United States,USA,51011.42503,302284564.0,0.0,0.0,0.0,0.0,0.0,0.0,0.0,0.0,Washington DC,39.91N,77.02W,39.91,-77.02
2007,Venezuela,VEN,17275.95936,27593427.0,178.0725191,0.08,0.07,0.15,0.09,0.07,0.02,0.07,Caracas,10.30N,66.55W,10.3,-66.55
2007,Vietnam,VNM,3907.265357,85007447.0,45.96560197,1.55,1.26,3.18,1.87,1.18,0.43,1.36,Hanoi,21.05N,105.55E,21.05,105.55
2007,South Africa,ZAF,11982.33952,48842462.0,29.88,0.26,0.38,0.49,0.49,0.42,0.26,0.41,Cape Town (legislative) ,25.44S,28.12E,-25.44,28.12
2007,Zambia,ZMB,2748.858048,12055384.0,18964.009430000002,139.31,36.55,95.01,35.88,9.75,12.14,33.99,Lusaka,15.28S,28.16E,-15.28,28.16
2007,Zimbabwe,ZWE,1493.587587,12481245.0,9562.351145,22.37,9.69,27.66,14.12,6.99,5.16,10.98,Harare,17.43S,31.02E,-17.43,31.02
2008,Albania,ALB,9153.981440000001,3181397.0,0.0,0.0,0.0,0.0,0.0,0.0,0.0,0.0,Tirane,41.18N,19.49E,41.18,19.49
2008,United Arab Emirates,ARE,71724.27761,6206623.0,41.57407407,0.0,0.0,0.0,0.0,0.0,0.0,0.0,Abu Dhabi,24.28N,54.22E,24.28,54.22
2008,Argentina,ARG,18436.86247,39714298.0,0.31794408399999996,0.0,0.01,0.04,0.01,0.01,0.0,0.01,Buenos Aires,36.30S,60.00W,-36.3,-60.0
2008,Armenia,ARM,7558.361648,3079087.0,0.958332686,0.0,0.01,0.05,0.02,0.01,0.0,0.01,Yerevan,40.10N,44.31E,40.1,44.31
2008,Australia,AUS,41316.60005,21513817.0,2.991240295,0.0,0.0,0.0,0.0,0.0,0.0,0.0,Canberra,35.15S,149.08E,-35.15,149.08
2008,Austria,AUT,44252.5353,8341806.0,0.0,0.0,0.0,0.0,0.0,0.0,0.0,0.0,Vienna,48.12N,16.22E,48.12,16.22
2008,Azerbaijan,AZE,14364.994230000002,8943600.0,5.802754642999999,0.0,0.01,0.06,0.02,0.01,0.0,0.01,Baku,40.29N,49.56E,40.29,49.56
2008,Burundi,BDI,759.3399325,7943385.0,26526.15504,406.12,98.63,239.3,73.31,20.9,33.69,85.19,Bujumbura,03.16S,29.18E,-3.16,29.18
2008,Belgium,BEL,41653.48744,10602167.0,0.0,0.0,0.0,0.0,0.0,0.0,0.0,0.0,Brussels,50.51N,04.21E,50.51,4.21
2008,Benin,BEN,1841.2498010000002,8355980.0,10491.477640000001,526.51,119.04,256.45,80.04,20.17,39.69,98.35,Porto Novo (constitutional) ,06.23N,02.42E,6.23,2.42
2008,Burkina Faso,BFA,1355.540785,15515258.0,12070.25665,1229.03,272.56,370.24,120.58,29.19,68.65,187.07,Ouagadougou,12.15N,01.30W,12.15,-1.3
2008,Bangladesh,BGD,2252.168733,145478300.0,40.85708524,0.01,1.5,0.81,1.22,1.67,1.98,1.48,Dhaka,23.43N,90.26E,23.43,90.26
2008,Bulgaria,BGR,15741.417640000001,7591322.0,0.0,0.0,0.0,0.0,0.0,0.0,0.0,0.0,Sofia,42.45N,23.20E,42.45,23.2
2008,Bahrain,BHR,42776.89515,1052359.0,0.0,0.0,0.0,0.0,0.0,0.0,0.0,0.0,Manama,26.10N,50.30E,26.1,50.3
2008,Bosnia and Herzegovina,BIH,9818.2485,3774164.0,0.0,0.0,0.0,0.0,0.0,0.0,0.0,0.0,Sarajevo,43.52N,18.26E,43.52,18.26
2008,Bolivia,BOL,5191.131904,9618466.0,225.80639790000004,0.19,0.1,0.31,0.14,0.06,0.06,0.11,La Paz,16.20S,68.10W,-16.2,-68.1
2008,Brazil,BRA,13806.01492,191543237.0,206.37581540000002,0.09,0.05,0.08,0.06,0.04,0.03,0.05,Brasilia,15.47S,47.55W,-15.47,-47.55
2008,Barbados,BRB,16078.994669999998,272180.0,0.0,0.0,0.0,0.0,0.0,0.0,0.0,0.0,Bridgetown,13.05N,59.30W,13.05,-59.3
2008,Brunei,BRN,81905.65813,384695.0,3.554952733,0.0,0.0,0.0,0.0,0.0,0.0,0.0,Bandar Seri Begawan,04.52N,115.00E,4.52,115.0
2008,Botswana,BWA,13768.338430000002,1954822.0,1267.233826,1.16,1.02,3.22,1.78,1.02,0.44,1.26,Gaborone,24.45S,25.57E,-24.45,25.57
2008,Canada,CAN,41611.250810000005,33327954.0,0.0,0.0,0.0,0.0,0.0,0.0,0.0,0.0,Ottawa,45.27N,75.42W,45.27,-75.42
2008,Switzerland,CHE,56399.477960000004,7573204.0,0.0,0.0,0.0,0.0,0.0,0.0,0.0,0.0,Bern,46.57N,07.28E,46.57,7.28
2008,Chile,CHL,19031.616430000002,16795593.0,0.0,0.0,0.0,0.0,0.0,0.0,0.0,0.0,Santiago,33.24S,70.40W,-33.24,-70.4
2008,China,CHN,7947.788501999999,1328275524.0,1.9931271480000001,0.0,0.02,0.04,0.02,0.02,0.0,0.02,Beijing,39.55N,116.20E,39.55,116.2
2008,Cote d'Ivoire,CIV,2672.337082,18987007.0,2348.257794,863.66,188.22,423.26,124.24,38.13,72.37,167.04,Yamoussoukro,06.49N,05.17W,6.49,-5.17
2008,Cameroon,CMR,2664.0436870000003,18758778.0,4663.527854999999,747.91,159.03,269.29,103.56,25.9,49.46,127.17,Yaounde,03.50N,11.35E,3.5,11.35
2008,Colombia,COL,10547.260390000001,45005782.0,366.74147610000006,0.34,0.13,0.34,0.14,0.1,0.1,0.14,Bogota,04.34N,74.00W,4.34,-74.0
2008,Costa Rica,CRI,12834.93616,4522124.0,16.88205393,0.0,0.01,0.03,0.01,0.01,0.0,0.01,San Jose,09.55N,84.02W,9.55,-84.02
2008,Cyprus,CYP,35960.352719999995,1077001.0,0.0,0.0,0.0,0.0,0.0,0.0,0.0,0.0,Nicosia,35.10N,33.25E,35.1,33.25
2008,Czech Republic,CZE,29313.646189999996,10377359.0,0.0,0.0,0.0,0.0,0.0,0.0,0.0,0.0,Prague,50.05N,14.22E,50.05,14.22
2008,Germany,DEU,40989.44311,82475271.0,0.0,0.0,0.0,0.0,0.0,0.0,0.0,0.0,Berlin,52.30N,13.25E,52.3,13.25
2008,Denmark,DNK,45865.79596,5497312.0,0.0,0.0,0.0,0.0,0.0,0.0,0.0,0.0,Copenhagen,55.41N,12.34E,55.41,12.34
2008,Dominican Republic,DOM,10449.1883,9664948.0,14.78124105,0.01,0.02,0.08,0.04,0.02,0.0,0.03,Santo Domingo,18.30N,69.59W,18.3,-69.59
2008,Algeria,DZA,12660.02309,34428028.0,0.978248595,0.01,0.02,0.06,0.04,0.03,0.0,0.02,Algiers,36.42N,03.08E,36.42,3.08
2008,Ecuador,ECU,9285.864407,14056740.0,399.27196230000004,0.09,0.07,0.22,0.11,0.07,0.03,0.08,Quito,00.15S,78.35W,-0.15,-78.35
2008,Egypt,EGY,9305.414955,78323298.0,0.063142472,0.0,0.01,0.03,0.02,0.01,0.0,0.01,Cairo,30.01N,31.14E,30.01,31.14
2008,Spain,ESP,34163.367589999994,45146258.0,0.0,0.0,0.0,0.0,0.0,0.0,0.0,0.0,Madrid,40.25N,03.45W,40.25,-3.45
2008,Estonia,EST,25968.97281,1342145.0,0.0,0.0,0.0,0.0,0.0,0.0,0.0,0.0,Tallinn,59.22N,24.48E,59.22,24.48
2008,Ethiopia,ETH,924.5187619999999,79446419.0,807.9849088,20.42,5.44,17.67,6.12,1.93,2.04,5.66,Addis Ababa,09.02N,38.42E,9.02,38.42
2008,Finland,FIN,42574.64114,5316334.0,0.0,0.0,0.0,0.0,0.0,0.0,0.0,0.0,Helsinki,60.15N,25.03E,60.15,25.03
2008,France,FRA,37634.92905,62098413.0,0.0,0.0,0.0,0.0,0.0,0.0,0.0,0.0,Paris,48.50N,02.20E,48.5,2.2
2008,United Kingdom,GBR,37698.45183,61270318.0,0.0,0.0,0.0,0.0,0.0,0.0,0.0,0.0,London,51.36N,00.05W,51.36,-0.05
2008,Georgia,GEO,6408.060335,4394018.0,6.994274655,0.0,0.02,0.05,0.02,0.01,0.0,0.01,T'bilisi,41.43N,44.50E,41.43,44.5
2008,Ghana,GHA,2845.227326,23264176.0,16399.541530000002,532.0,120.48,284.26,106.95,30.34,44.31,111.76,Accra,05.35N,00.06W,5.35,-0.06
2008,Gambia,GMB,1555.356632,1636107.0,10030.711940000001,74.95,22.6,88.24,29.65,5.93,8.04,23.34,Banjul,13.28N,16.40W,13.28,-16.4
2008,Greece,GRC,31881.71235,11291807.0,0.0,0.0,0.0,0.0,0.0,0.0,0.0,0.0,Athens,37.58N,23.46E,37.58,23.46
2008,Guatemala,GTM,6781.899637,13690846.0,253.1721963,0.08,0.14,0.62,0.32,0.16,0.04,0.2,Guatemala,14.40N,90.22W,14.4,-90.22
2008,Guyana,GUY,5413.573602,751578.0,3682.460892,0.84,1.63,2.51,2.61,2.14,0.37,1.83,Georgetown,06.50N,58.12W,6.5,-58.12
2008,Honduras,HND,4084.2986990000004,7302742.0,143.60854709999998,0.42,0.33,1.35,0.53,0.28,0.19,0.41,Tegucigalpa,14.05N,87.14W,14.05,-87.14
2008,Croatia,HRV,22014.57807,4418387.0,0.0,0.0,0.0,0.0,0.0,0.0,0.0,0.0,Zagreb,45.50N,15.58E,45.5,15.58
2008,Hungary,HUN,23591.90493,10021886.0,0.0,0.0,0.0,0.0,0.0,0.0,0.0,0.0,Budapest,47.29N,19.05E,47.29,19.05
2008,Indonesia,IDN,7792.629931,234951154.0,103.8978227,2.25,2.28,13.16,3.42,2.03,0.63,3.22,Jakarta,06.09S,106.49E,-6.09,106.49
2008,India,IND,3786.6326770000005,1190863679.0,164.981109,21.49,4.41,6.94,3.24,1.24,4.3,4.38,New Delhi,28.37N,77.13E,28.37,77.13
2008,Ireland,IRL,47629.61883,4352866.0,0.0,0.0,0.0,0.0,0.0,0.0,0.0,0.0,Dublin,53.21N,06.15W,53.21,-6.15
2008,Iceland,ISL,43336.84012,310666.0,0.0,0.0,0.0,0.0,0.0,0.0,0.0,0.0,Reykjavik,64.10N,21.57W,64.1,-21.57
2008,Israel,ISR,28893.82975,7092324.0,0.0,0.0,0.0,0.0,0.0,0.0,0.0,0.0,Jerusalem,31.71N,35.10W,31.71,-35.1
2008,Italy,ITA,37954.16057,59891479.0,0.0,0.0,0.0,0.0,0.0,0.0,0.0,0.0,Rome,41.54N,12.29E,41.54,12.29
2008,Jamaica,JAM,8565.658648999999,2720282.0,0.0,0.0,0.0,0.0,0.0,0.0,0.0,0.0,Kingston,18.00N,76.50W,18.0,-76.5
2008,Jordan,JOR,9714.749808,5848952.0,0.0,0.0,0.0,0.0,0.0,0.0,0.0,0.0,Amman,31.57N,35.52E,31.57,35.52
2008,Kazakhstan,KAZ,19272.21401,15655345.0,0.0,0.0,0.0,0.0,0.0,0.0,0.0,0.0,Astana,51.10N,71.30E,51.1,71.3
2008,Kenya,KEN,2335.168424,38455418.0,387.6330582,77.9,17.61,48.09,15.58,3.9,5.22,16.56,Nairobi,01.17S,36.48E,-1.17,36.48
2008,Kyrgyzstan,KGZ,2790.9349,5204104.0,9.189440312,0.0,0.01,0.06,0.02,0.01,0.0,0.02,Bishkek,42.54N,74.46E,42.54,74.46
2008,Cambodia,KHM,2452.278159,13822644.0,516.4325612,23.92,15.78,23.95,18.75,16.65,7.28,16.49,Phnom Penh,11.33N,104.55E,11.33,104.55
2008,Kuwait,KWT,93698.4616,2548351.0,0.0,0.0,0.0,0.0,0.0,0.0,0.0,0.0,Kuwait,29.30N,48.00E,29.3,48.0
2008,Libya,LBY,28983.51723,6149620.0,0.0,0.0,0.0,0.0,0.0,0.0,0.0,0.0,Tripoli,32.49N,13.07E,32.49,13.07
2008,Lesotho,LSO,2226.3765719999997,2127412.0,0.0,0.0,0.0,0.0,0.0,0.0,0.0,0.0,Maseru,29.18S,27.30E,-29.18,27.3
2008,Lithuania,LTU,23566.193890000002,3359799.0,0.0,0.0,0.0,0.0,0.0,0.0,0.0,0.0,Vilnius,54.38N,25.19E,54.38,25.19
2008,Luxembourg,LUX,94900.34672,486781.0,0.0,0.0,0.0,0.0,0.0,0.0,0.0,0.0,Luxembourg,49.37N,06.09E,49.37,6.09
2008,Latvia,LVA,21333.19105,2271198.0,0.0,0.0,0.0,0.0,0.0,0.0,0.0,0.0,Riga,56.53N,24.08E,56.53,24.08
2008,Madagascar,MDG,1523.019873,19546282.0,11673.56099,171.32,46.61,134.59,46.08,14.95,18.18,45.05,Antananarivo,18.55S,47.31E,-18.55,47.31
2008,Mexico,MEX,16007.632130000002,110627158.0,3.742292079,0.0,0.01,0.04,0.01,0.01,0.0,0.01,Mexico,19.20N,99.10W,19.2,-99.1
2008,Macedonia,MKD,11043.73142,2052524.0,0.0,0.0,0.0,0.0,0.0,0.0,0.0,0.0,Skopje,42.01N,21.26E,42.01,21.26
2008,Macedonia,MKD,11043.73142,2052524.0,0.0,0.0,0.0,0.0,0.0,0.0,0.0,0.0,Belgrade,44.50N,20.37E,44.5,20.37
2008,Mali,MLI,1808.8876260000002,14459990.0,6167.533335,814.1,181.27,220.08,72.36,17.35,53.75,120.66,Bamako,12.34N,07.55W,12.34,-7.55
2008,Malta,MLT,28394.146960000002,413946.0,0.0,0.0,0.0,0.0,0.0,0.0,0.0,0.0,Valletta,35.54N,14.31E,35.54,14.31
2008,Mozambique,MOZ,857.5268817,22332900.0,26193.81155,461.42,103.92,135.78,42.34,14.7,33.68,72.43,Maputo,25.58S,32.32E,-25.58,32.32
2008,Mauritania,MRT,3388.8354329999997,3295254.0,5617.548502000001,76.22,16.26,47.79,16.45,4.05,5.91,16.59,Nouakchott,20.10S,57.30E,-20.1,57.3
2008,Malawi,MWI,948.2265195,14005113.0,23639.84305,499.17,114.81,183.25,59.47,16.52,35.61,84.27,Lilongwe,14.00S,33.48E,-14.0,33.48
2008,Malaysia,MYS,20988.7246,27502008.0,25.45945008,0.05,0.05,0.21,0.12,0.05,0.01,0.07,Kuala Lumpur,03.09N,101.41E,3.09,101.41
2008,Namibia,NAM,8207.70498,2200422.0,22101.818040000002,18.84,6.89,17.51,9.31,4.51,3.68,7.54,Windhoek,22.35S,17.04E,-22.35,17.04
2008,Nigeria,NGA,4710.55466,150665730.0,2026.6495100000002,1047.97,208.09,266.51,65.73,16.79,60.03,147.41,Abuja,09.05N,07.32E,9.05,7.32
2008,Nicaragua,NIC,4092.0614119999996,5635577.0,132.9730882,0.06,0.06,0.2,0.1,0.06,0.01,0.07,Managua,12.06N,86.20W,12.06,-86.2
2008,Netherlands,NLD,47134.30299,16503263.0,0.0,0.0,0.0,0.0,0.0,0.0,0.0,0.0,Amsterdam ,52.23N,04.54E,52.23,4.54
2008,Norway,NOR,64513.42497000001,4778959.0,0.0,0.0,0.0,0.0,0.0,0.0,0.0,0.0,Oslo,59.55N,10.45E,59.55,10.45
2008,Nepal,NPL,1850.025041,28905358.0,35.32750864,9.32,3.01,5.13,2.18,0.77,4.11,2.71,Kathmandu,27.45N,85.20E,27.45,85.2
2008,New Zealand,NZL,32544.63753,4277809.0,0.0,0.0,0.0,0.0,0.0,0.0,0.0,0.0,Wellington,41.19S,174.46E,-41.19,174.46
2008,Oman,OMN,44938.51702,2636963.0,29.204650800000003,0.0,0.0,0.0,0.0,0.0,0.0,0.0,Masqat,23.37N,58.36E,23.37,58.36
2008,Pakistan,PAK,4273.035123,167442258.0,82.30366991,5.48,3.92,9.45,3.42,1.35,8.18,3.87,Islamabad,33.40N,73.10E,33.4,73.1
2008,Panama,PAN,14867.268419999999,3406487.0,283.4329653,0.0,0.01,0.04,0.02,0.01,0.0,0.01,Panama,09.00N,79.25W,9.0,-79.25
2008,Peru,PER,9323.353938,28463338.0,288.3385552,0.03,0.03,0.14,0.06,0.02,0.01,0.04,Lima,12.00S,77.00W,-12.0,-77.0
2008,Philippines,PHL,5309.442145,90173139.0,53.47413794,0.12,0.2,0.77,0.42,0.22,0.06,0.26,Manila,14.40N,121.03E,14.4,121.03
2008,Poland,POL,20391.87847,38218462.0,0.0,0.0,0.0,0.0,0.0,0.0,0.0,0.0,Warsaw,52.13N,21.00E,52.13,21.0
2008,Portugal,PRT,27590.3748,10634612.0,0.0,0.0,0.0,0.0,0.0,0.0,0.0,0.0,Lisbon,38.42N,09.10W,38.42,-9.1
2008,Paraguay,PRY,6892.409354,6230242.0,24.0493943,0.0,0.01,0.04,0.01,0.01,0.0,0.01,Asuncion,25.10S,57.30W,-25.1,-57.3
2008,Qatar,QAT,119723.1007,1396060.0,0.0,0.0,0.0,0.0,0.0,0.0,0.0,0.0,Doha,25.15N,51.35E,25.15,51.35
2008,Romania,ROU,19053.3555,21589544.0,0.0,0.0,0.0,0.0,0.0,0.0,0.0,0.0,Bucuresti,44.27N,26.10E,44.27,26.1
2008,Russia,RUS,24005.99668,143163100.0,0.0,0.0,0.0,0.0,0.0,0.0,0.0,0.0,Moskva,55.45N,37.35E,55.45,37.35
2008,Saudi Arabia,SAU,46678.553530000005,26166639.0,7.652243017000001,0.01,0.06,0.12,0.09,0.08,0.0,0.07,Riyadh,24.41N,46.42E,24.41,46.42
2008,Senegal,SEN,2162.864903,11787123.0,10829.665490000001,180.17,46.28,135.63,52.56,12.33,15.23,45.44,Dakar,14.34N,17.29W,14.34,-17.29
2008,El Salvador,SLV,7500.569275,6129628.0,1.256942946,0.0,0.01,0.03,0.01,0.02,0.0,0.01,San Salvador,13.40N,89.10W,13.4,-89.1
2008,Slovakia,SVK,25382.1684,5441304.0,0.0,0.0,0.0,0.0,0.0,0.0,0.0,0.0,Bratislava,48.10N,17.07E,48.1,17.07
2008,Slovenia,SVN,31137.77637,2018172.0,0.0,0.0,0.0,0.0,0.0,0.0,0.0,0.0,Ljubljana,46.04N,14.33E,46.04,14.33
2008,Sweden,SWE,43466.14184,9236872.0,0.0,0.0,0.0,0.0,0.0,0.0,0.0,0.0,Stockholm,59.20N,18.03E,59.2,18.03
2008,Chad,TCD,1736.919173,10653762.0,4540.720539,264.51,59.12,95.47,33.89,7.57,16.3,43.87,N'Djamena,12.10N,14.59E,12.1,14.59
2008,Thailand,THA,12757.15784,68267982.0,58.64790846,0.08,0.11,0.19,0.12,0.11,0.05,0.11,Bangkok,13.45N,100.35E,13.45,100.35
2008,Tajikistan,TJK,1991.893162,6691416.0,84.41331734,0.03,0.05,0.11,0.05,0.03,0.12,0.06,Dushanbe,38.33N,68.48E,38.33,68.48
2008,Tunisia,TUN,10003.299490000001,10247325.0,0.0,0.0,0.0,0.0,0.0,0.0,0.0,0.0,Tunis,36.50N,10.11E,36.5,10.11
2008,Turkey,TUR,17836.80519,70923730.0,12.9613948,0.0,0.01,0.03,0.01,0.01,0.0,0.01,Ankara,39.57N,32.54E,39.57,32.54
2008,Tanzania,TZA,1986.9149539999999,42267667.0,28470.37933,190.88,43.64,70.92,25.15,7.45,12.51,33.0,Dodoma,06.08S,35.45E,-6.08,35.45
2008,Uganda,UGA,1462.660817,31339392.0,44367.953839999995,703.63,174.13,303.46,99.89,25.38,50.14,126.47,Kampala,00.20N,32.30E,0.2,32.3
2008,Ukraine,UKR,8739.686077,45991584.0,0.0,0.0,0.0,0.0,0.0,0.0,0.0,0.0,Kiev (Russia),50.30N,30.28E,50.3,30.28
2008,Uruguay,URY,15307.85795,3345967.0,0.0,0.0,0.0,0.0,0.0,0.0,0.0,0.0,Montevideo,34.50S,56.11W,-34.5,-56.11
2008,United States,USA,50383.840560000004,304989064.0,0.0,0.0,0.0,0.0,0.0,0.0,0.0,0.0,Washington DC,39.91N,77.02W,39.91,-77.02
2008,Venezuela,VEN,17897.09846,28057485.0,123.54522079999998,0.07,0.07,0.15,0.09,0.07,0.02,0.07,Caracas,10.30N,66.55W,10.3,-66.55
2008,Vietnam,VNM,4084.823662,85951912.0,45.53925201,1.55,1.27,3.24,1.87,1.18,0.42,1.36,Hanoi,21.05N,105.55E,21.05,105.55
2008,South Africa,ZAF,12196.605759999999,49319363.0,29.00319448,0.25,0.35,0.47,0.46,0.37,0.25,0.37,Cape Town (legislative) ,25.44S,28.12E,-25.44,28.12
2008,Zambia,ZMB,2881.811825,12379612.0,18431.10194,108.75,28.43,73.49,27.78,7.44,9.6,26.35,Lusaka,15.28S,28.16E,-15.28,28.16
2008,Zimbabwe,ZWE,1208.957127,12451543.0,9797.502422,23.01,9.73,27.33,13.95,6.94,4.99,10.92,Harare,17.43S,31.02E,-17.43,31.02
2009,Albania,ALB,9524.609811,3192723.0,0.0,0.0,0.0,0.0,0.0,0.0,0.0,0.0,Tirane,41.18N,19.49E,41.18,19.49
2009,United Arab Emirates,ARE,61118.9038,6938815.0,0.0,0.0,0.0,0.0,0.0,0.0,0.0,0.0,Abu Dhabi,24.28N,54.22E,24.28,54.22
2009,Argentina,ARG,17168.378940000002,40062470.0,1.2810895629999999,0.0,0.01,0.04,0.01,0.01,0.0,0.01,Buenos Aires,36.30S,60.00W,-36.3,-60.0
2009,Armenia,ARM,6532.964231,3084979.0,0.0,0.0,0.01,0.05,0.02,0.01,0.0,0.01,Yerevan,40.10N,44.31E,40.1,44.31
2009,Australia,AUS,41207.12899,21902300.0,0.0,0.0,0.0,0.0,0.0,0.0,0.0,0.0,Canberra,35.15S,149.08E,-35.15,149.08
2009,Austria,AUT,42459.9772,8369639.0,0.0,0.0,0.0,0.0,0.0,0.0,0.0,0.0,Vienna,48.12N,16.22E,48.12,16.22
2009,Azerbaijan,AZE,15393.89329,9066604.0,2.351427817,0.0,0.01,0.05,0.02,0.01,0.0,0.01,Baku,40.29N,49.56E,40.29,49.56
2009,Burundi,BDI,760.0617234,8170853.0,29113.74908,396.24,97.68,246.54,72.25,20.71,32.85,84.55,Bujumbura,03.16S,29.18E,-3.16,29.18
2009,Belgium,BEL,40375.48685,10660938.0,0.0,0.0,0.0,0.0,0.0,0.0,0.0,0.0,Brussels,50.51N,04.21E,50.51,4.21
2009,Benin,BEN,1831.762518,8601771.0,37229.57471,456.24,105.08,242.91,75.33,19.1,35.85,89.18,Porto Novo (constitutional) ,06.23N,02.42E,6.23,2.42
2009,Burkina Faso,BFA,1354.0849640000001,15984479.0,45784.31618,1199.3,265.89,370.16,119.0,28.86,66.71,183.86,Ouagadougou,12.15N,01.30W,12.15,-1.3
2009,Bangladesh,BGD,2339.865769,147030145.0,2059.966493,0.01,1.41,0.82,1.17,1.59,1.81,1.4,Dhaka,23.43N,90.26E,23.43,90.26
2009,Bulgaria,BGR,15174.62581,7542674.0,0.0,0.0,0.0,0.0,0.0,0.0,0.0,0.0,Sofia,42.45N,23.20E,42.45,23.2
2009,Bahrain,BHR,41256.06213,1169578.0,0.0,0.0,0.0,0.0,0.0,0.0,0.0,0.0,Manama,26.10N,50.30E,26.1,50.3
2009,Bosnia and Herzegovina,BIH,9579.844859,3767683.0,0.0,0.0,0.0,0.0,0.0,0.0,0.0,0.0,Sarajevo,43.52N,18.26E,43.52,18.26
2009,Bolivia,BOL,5278.038268,9773441.0,785.0603183,0.18,0.09,0.3,0.14,0.06,0.06,0.1,La Paz,16.20S,68.10W,-16.2,-68.1
2009,Brazil,BRA,13653.01396,193246610.0,729.8552294,0.08,0.04,0.08,0.05,0.04,0.02,0.05,Brasilia,15.47S,47.55W,-15.47,-47.55
2009,Barbados,BRB,15365.46499,272750.0,0.0,0.0,0.0,0.0,0.0,0.0,0.0,0.0,Bridgetown,13.05N,59.30W,13.05,-59.3
2009,Brunei,BRN,79512.75501000001,391837.0,4.522613065,0.0,0.0,0.0,0.0,0.0,0.0,0.0,Bandar Seri Begawan,04.52N,115.00E,4.52,115.0
2009,Botswana,BWA,12499.40739,1981576.0,373.4530332,1.01,0.94,3.04,1.65,0.94,0.41,1.16,Gaborone,24.45S,25.57E,-24.45,25.57
2009,Canada,CAN,39924.1959,33675448.0,0.0,0.0,0.0,0.0,0.0,0.0,0.0,0.0,Ottawa,45.27N,75.42W,45.27,-75.42
2009,Switzerland,CHE,54512.97984,7621211.0,0.0,0.0,0.0,0.0,0.0,0.0,0.0,0.0,Bern,46.57N,07.28E,46.57,7.28
2009,Chile,CHL,18547.46153,16955737.0,0.0,0.0,0.0,0.0,0.0,0.0,0.0,0.0,Santiago,33.24S,70.40W,-33.24,-70.4
2009,China,CHN,8651.726499,1334908820.0,7.550478128,0.0,0.02,0.04,0.02,0.02,0.0,0.01,Beijing,39.55N,116.20E,39.55,116.2
2009,Cote d'Ivoire,CIV,2698.554349,19350026.0,37994.540539999995,829.38,180.8,408.4,120.26,36.72,69.65,160.92,Yamoussoukro,06.49N,05.17W,6.49,-5.17
2009,Cameroon,CMR,2642.070893,19175028.0,30670.48193,653.64,140.15,245.97,94.2,23.33,43.43,113.05,Yaounde,03.50N,11.35E,3.5,11.35
2009,Colombia,COL,10599.9626,45654044.0,881.9706544,0.32,0.13,0.32,0.14,0.09,0.09,0.14,Bogota,04.34N,74.00W,4.34,-74.0
2009,Costa Rica,CRI,12543.9779,4590790.0,210.8723827,0.0,0.01,0.03,0.01,0.01,0.0,0.01,San Jose,09.55N,84.02W,9.55,-84.02
2009,Cyprus,CYP,34387.34837,1090473.0,0.0,0.0,0.0,0.0,0.0,0.0,0.0,0.0,Nicosia,35.10N,33.25E,35.1,33.25
2009,Czech Republic,CZE,27735.87195,10439735.0,0.0,0.0,0.0,0.0,0.0,0.0,0.0,0.0,Prague,50.05N,14.22E,50.05,14.22
2009,Germany,DEU,38784.45248,82405365.0,0.0,0.0,0.0,0.0,0.0,0.0,0.0,0.0,Berlin,52.30N,13.25E,52.3,13.25
2009,Denmark,DNK,43382.62546,5524874.0,0.0,0.0,0.0,0.0,0.0,0.0,0.0,0.0,Copenhagen,55.41N,12.34E,55.41,12.34
2009,Dominican Republic,DOM,10406.331909999999,9796852.0,94.94253307,0.01,0.02,0.07,0.04,0.02,0.0,0.03,Santo Domingo,18.30N,69.59W,18.3,-69.59
2009,Algeria,DZA,12647.16054,34950168.0,0.0,0.01,0.02,0.06,0.03,0.02,0.0,0.02,Algiers,36.42N,03.08E,36.42,3.08
2009,Ecuador,ECU,9183.552558,14261566.0,235.24997209999998,0.09,0.07,0.2,0.1,0.06,0.02,0.07,Quito,00.15S,78.35W,-0.15,-78.35
2009,Egypt,EGY,9561.847569,79716203.0,0.0,0.0,0.01,0.03,0.02,0.01,0.0,0.01,Cairo,30.01N,31.14E,30.01,31.14
2009,Spain,ESP,32651.938469999997,45638113.0,0.0,0.0,0.0,0.0,0.0,0.0,0.0,0.0,Madrid,40.25N,03.45W,40.25,-3.45
2009,Estonia,EST,22187.9264,1341629.0,0.0,0.0,0.0,0.0,0.0,0.0,0.0,0.0,Tallinn,59.22N,24.48E,59.22,24.48
2009,Ethiopia,ETH,979.6225122000002,81187751.0,15643.28403,10.71,2.85,9.45,3.24,1.01,1.05,2.98,Addis Ababa,09.02N,38.42E,9.02,38.42
2009,Finland,FIN,38867.79945,5341546.0,0.0,0.0,0.0,0.0,0.0,0.0,0.0,0.0,Helsinki,60.15N,25.03E,60.15,25.03
2009,France,FRA,36340.508689999995,62444770.0,0.0,0.0,0.0,0.0,0.0,0.0,0.0,0.0,Paris,48.50N,02.20E,48.5,2.2
2009,United Kingdom,GBR,35795.1837,61652315.0,0.0,0.0,0.0,0.0,0.0,0.0,0.0,0.0,London,51.36N,00.05W,51.36,-0.05
2009,Georgia,GEO,6254.867608,4373630.0,1.882362721,0.0,0.01,0.04,0.02,0.01,0.0,0.01,T'bilisi,41.43N,44.50E,41.43,44.5
2009,Ghana,GHA,2907.574748,23824402.0,32222.90708,504.16,115.76,274.39,103.57,29.4,42.26,107.09,Accra,05.35N,00.06W,5.35,-0.06
2009,Gambia,GMB,1604.183331,1681734.0,29336.39375,59.58,18.26,77.33,25.42,5.11,6.37,19.68,Banjul,13.28N,16.40W,13.28,-16.4
2009,Greece,GRC,30430.41942,11326596.0,0.0,0.0,0.0,0.0,0.0,0.0,0.0,0.0,Athens,37.58N,23.46E,37.58,23.46
2009,Guatemala,GTM,6669.999875,14033623.0,1089.461495,0.08,0.14,0.57,0.3,0.15,0.04,0.18,Guatemala,14.40N,90.22W,14.4,-90.22
2009,Guyana,GUY,5597.887707,753013.0,7713.110121,1.04,1.75,2.66,2.68,2.27,0.43,1.95,Georgetown,06.50N,58.12W,6.5,-58.12
2009,Honduras,HND,3904.4595189999995,7449923.0,456.08427489999997,0.42,0.33,1.35,0.52,0.28,0.19,0.4,Tegucigalpa,14.05N,87.14W,14.05,-87.14
2009,Croatia,HRV,20414.06616,4410864.0,0.0,0.0,0.0,0.0,0.0,0.0,0.0,0.0,Zagreb,45.50N,15.58E,45.5,15.58
2009,Hungary,HUN,22077.59224,10002247.0,0.0,0.0,0.0,0.0,0.0,0.0,0.0,0.0,Budapest,47.29N,19.05E,47.29,19.05
2009,Indonesia,IDN,8044.97033,237414495.0,1116.650108,2.21,2.27,13.43,3.41,2.01,0.61,3.21,Jakarta,06.09S,106.49E,-6.09,106.49
2009,India,IND,4049.8051149999997,1207740408.0,951.2777574999999,20.4,4.21,6.85,3.17,1.21,4.15,4.23,New Delhi,28.37N,77.13E,28.37,77.13
2009,Ireland,IRL,44995.936369999996,4412181.0,0.0,0.0,0.0,0.0,0.0,0.0,0.0,0.0,Dublin,53.21N,06.15W,53.21,-6.15
2009,Iceland,ISL,40190.17541,315543.0,0.0,0.0,0.0,0.0,0.0,0.0,0.0,0.0,Reykjavik,64.10N,21.57W,64.1,-21.57
2009,Israel,ISR,28569.302819999997,7260949.0,0.0,0.0,0.0,0.0,0.0,0.0,0.0,0.0,Jerusalem,31.71N,35.10W,31.71,-35.1
2009,Italy,ITA,35710.42032,60248654.0,0.0,0.0,0.0,0.0,0.0,0.0,0.0,0.0,Rome,41.54N,12.29E,41.54,12.29
2009,Jordan,JOR,9749.110985,6025592.0,0.0,0.0,0.0,0.0,0.0,0.0,0.0,0.0,Amman,31.57N,35.52E,31.57,35.52
2009,Kazakhstan,KAZ,18996.03768,15841096.0,0.0,0.0,0.0,0.0,0.0,0.0,0.0,0.0,Astana,51.10N,71.30E,51.1,71.3
2009,Kenya,KEN,2347.11358,39462188.0,32312.677139999996,65.33,14.34,37.47,11.74,2.96,4.17,13.2,Nairobi,01.17S,36.48E,-1.17,36.48
2009,Kyrgyzstan,KGZ,2837.031419,5270894.0,7.091108037000001,0.0,0.01,0.06,0.02,0.01,0.0,0.02,Bishkek,42.54N,74.46E,42.54,74.46
2009,Cambodia,KHM,2417.876281,13977903.0,1819.1385289999998,22.76,15.65,24.14,18.76,16.68,6.91,16.35,Phnom Penh,11.33N,104.55E,11.33,104.55
2009,Kuwait,KWT,81922.53712000001,2646286.0,0.0,0.0,0.0,0.0,0.0,0.0,0.0,0.0,Kuwait,29.30N,48.00E,29.3,48.0
2009,Libya,LBY,28435.18422,6262667.0,0.0,0.0,0.0,0.0,0.0,0.0,0.0,0.0,Tripoli,32.49N,13.07E,32.49,13.07
2009,Lesotho,LSO,2252.557984,2149201.0,0.0,0.0,0.0,0.0,0.0,0.0,0.0,0.0,Maseru,29.18S,27.30E,-29.18,27.3
2009,Lithuania,LTU,20299.2041,3341097.0,0.0,0.0,0.0,0.0,0.0,0.0,0.0,0.0,Vilnius,54.38N,25.19E,54.38,25.19
2009,Luxembourg,LUX,89098.73423999999,497637.0,0.0,0.0,0.0,0.0,0.0,0.0,0.0,0.0,Luxembourg,49.37N,06.09E,49.37,6.09
2009,Latvia,LVA,18579.90649,2261380.0,0.0,0.0,0.0,0.0,0.0,0.0,0.0,0.0,Riga,56.53N,24.08E,56.53,24.08
2009,Madagascar,MDG,1421.188472,20124150.0,3366.265101,133.75,37.28,118.21,39.47,12.78,14.44,37.48,Antananarivo,18.55S,47.31E,-18.55,47.31
2009,Mexico,MEX,15011.75175,112033369.0,8.756175057,0.0,0.01,0.04,0.01,0.01,0.0,0.01,Mexico,19.20N,99.10W,19.2,-99.1
2009,Macedonia,MKD,10995.00591,2056769.0,0.0,0.0,0.0,0.0,0.0,0.0,0.0,0.0,Skopje,42.01N,21.26E,42.01,21.26
2009,Macedonia,MKD,10995.00591,2056769.0,0.0,0.0,0.0,0.0,0.0,0.0,0.0,0.0,Belgrade,44.50N,20.37E,44.5,20.37
2009,Mali,MLI,1832.808081,14909813.0,31061.05755,740.69,164.52,208.93,67.53,16.07,48.28,110.82,Bamako,12.34N,07.55W,12.34,-7.55
2009,Malta,MLT,27486.99474,415220.0,0.0,0.0,0.0,0.0,0.0,0.0,0.0,0.0,Valletta,35.54N,14.31E,35.54,14.31
2009,Mozambique,MOZ,885.7342817,22858607.0,36794.74752,451.1,103.35,147.14,45.79,15.55,33.88,73.55,Maputo,25.58S,32.32E,-25.58,32.32
2009,Mauritania,MRT,3259.07635,3377630.0,17483.88438,71.4,15.16,45.36,15.35,3.84,5.32,15.57,Nouakchott,20.10S,57.30E,-20.1,57.3
2009,Malawi,MWI,996.2452685000001,14442290.0,34300.386360000004,479.85,109.11,164.54,54.18,14.65,33.18,78.61,Lilongwe,14.00S,33.48E,-14.0,33.48
2009,Malaysia,MYS,20092.24566,27949395.0,56.58972869,0.05,0.05,0.2,0.11,0.05,0.01,0.07,Kuala Lumpur,03.09N,101.41E,3.09,101.41
2009,Namibia,NAM,8113.874117,2242078.0,1655.2642859999999,14.35,5.52,14.83,7.75,3.73,2.94,6.14,Windhoek,22.35S,17.04E,-22.35,17.04
2009,Nigeria,NGA,4904.920946,154488072.0,42787.52232,961.69,190.69,241.13,58.99,15.01,53.98,134.47,Abuja,09.05N,07.32E,9.05,7.32
2009,Nicaragua,NIC,3906.989107,5710230.0,103.9440905,0.06,0.05,0.19,0.1,0.05,0.01,0.06,Managua,12.06N,86.20W,12.06,-86.2
2009,Netherlands,NLD,45125.80592,16559268.0,0.0,0.0,0.0,0.0,0.0,0.0,0.0,0.0,Amsterdam ,52.23N,04.54E,52.23,4.54
2009,Norway,NOR,62671.3035,4834002.0,0.0,0.0,0.0,0.0,0.0,0.0,0.0,0.0,Oslo,59.55N,10.45E,59.55,10.45
2009,Nepal,NPL,1914.705969,29432743.0,111.8609574,9.05,2.89,5.1,2.17,0.76,3.89,2.63,Kathmandu,27.45N,85.20E,27.45,85.2
2009,New Zealand,NZL,32122.83757,4322628.0,0.0,0.0,0.0,0.0,0.0,0.0,0.0,0.0,Wellington,41.19S,174.46E,-41.19,174.46
2009,Oman,OMN,45635.529389999996,2712141.0,0.0,0.0,0.0,0.0,0.0,0.0,0.0,0.0,Masqat,23.37N,58.36E,23.37,58.36
2009,Pakistan,PAK,4304.469172,170494367.0,929.8275568,5.7,3.96,9.48,3.4,1.35,8.34,3.92,Islamabad,33.40N,73.10E,33.4,73.1
2009,Panama,PAN,14838.54881,3461901.0,161.06591909999997,0.0,0.01,0.04,0.02,0.01,0.0,0.01,Panama,09.00N,79.25W,9.0,-79.25
2009,Peru,PER,9308.674789,28765162.0,781.0156222,0.03,0.03,0.13,0.06,0.02,0.01,0.04,Lima,12.00S,77.00W,-12.0,-77.0
2009,Philippines,PHL,5284.865123,91703090.0,146.9252981,0.11,0.2,0.74,0.4,0.21,0.05,0.25,Manila,14.40N,121.03E,14.4,121.03
2009,Poland,POL,20952.77161,38249228.0,0.0,0.0,0.0,0.0,0.0,0.0,0.0,0.0,Warsaw,52.13N,21.00E,52.13,21.0
2009,Portugal,PRT,26743.19799,10657175.0,0.0,0.0,0.0,0.0,0.0,0.0,0.0,0.0,Lisbon,38.42N,09.10W,38.42,-9.1
2009,Paraguay,PRY,6531.8864109999995,6341892.0,31.30900385,0.0,0.01,0.04,0.01,0.01,0.0,0.01,Asuncion,25.10S,57.30W,-25.1,-57.3
2009,Qatar,QAT,117064.8597,1597765.0,0.0,0.0,0.0,0.0,0.0,0.0,0.0,0.0,Doha,25.15N,51.35E,25.15,51.35
2009,Romania,ROU,17855.01789,21537219.0,0.0,0.0,0.0,0.0,0.0,0.0,0.0,0.0,Bucuresti,44.27N,26.10E,44.27,26.1
2009,Russia,RUS,22121.85249,143064078.0,0.0,0.0,0.0,0.0,0.0,0.0,0.0,0.0,Moskva,55.45N,37.35E,55.45,37.35
2009,Saudi Arabia,SAU,44481.47176,26809105.0,5.846845431,0.01,0.06,0.12,0.09,0.08,0.0,0.07,Riyadh,24.41N,46.42E,24.41,46.42
2009,Senegal,SEN,2154.035431,12106865.0,12238.11786,166.73,44.06,137.74,53.24,12.41,14.32,44.41,Dakar,14.34N,17.29W,14.34,-17.29
2009,El Salvador,SLV,7233.638037000001,6160423.0,1.233526904,0.0,0.01,0.03,0.01,0.02,0.0,0.01,San Salvador,13.40N,89.10W,13.4,-89.1
2009,Slovakia,SVK,23973.84139,5451968.0,0.0,0.0,0.0,0.0,0.0,0.0,0.0,0.0,Bratislava,48.10N,17.07E,48.1,17.07
2009,Slovenia,SVN,28451.54552,2024040.0,0.0,0.0,0.0,0.0,0.0,0.0,0.0,0.0,Ljubljana,46.04N,14.33E,46.04,14.33
2009,Sweden,SWE,40862.97013,9311110.0,0.0,0.0,0.0,0.0,0.0,0.0,0.0,0.0,Stockholm,59.20N,18.03E,59.2,18.03
2009,Chad,TCD,1752.119931,10937089.0,41789.35,257.99,57.6,93.45,32.7,7.2,15.5,42.63,N'Djamena,12.10N,14.59E,12.1,14.59
2009,Thailand,THA,12605.37312,68706122.0,396.6357981,0.06,0.09,0.18,0.11,0.1,0.03,0.09,Bangkok,13.45N,100.35E,13.45,100.35
2009,Tajikistan,TJK,2022.4609829999997,6783390.0,35.93983091,0.02,0.05,0.11,0.05,0.03,0.12,0.05,Dushanbe,38.33N,68.48E,38.33,68.48
2009,Tunisia,TUN,10195.576509999999,10365089.0,0.0,0.0,0.0,0.0,0.0,0.0,0.0,0.0,Tunis,36.50N,10.11E,36.5,10.11
2009,Turkey,TUR,16783.441469999998,71846212.0,1.6510133790000001,0.0,0.01,0.03,0.01,0.01,0.0,0.01,Ankara,39.57N,32.54E,39.57,32.54
2009,Tanzania,TZA,2028.6098129999998,43524738.0,29589.40193,201.22,46.32,79.67,28.36,8.24,13.27,35.68,Dodoma,06.08S,35.45E,-6.08,35.45
2009,Uganda,UGA,1508.416925,32367909.0,35541.57191,630.4,155.71,278.03,90.19,22.49,45.71,113.62,Kampala,00.20N,32.30E,0.2,32.3
2009,Ukraine,UKR,7479.34217,45715010.0,0.0,0.0,0.0,0.0,0.0,0.0,0.0,0.0,Kiev (Russia),50.30N,30.28E,50.3,30.28
2009,Uruguay,URY,15900.82925,3357391.0,0.0,0.0,0.0,0.0,0.0,0.0,0.0,0.0,Montevideo,34.50S,56.11W,-34.5,-56.11
2009,United States,USA,48557.86764,307686729.0,0.0,0.0,0.0,0.0,0.0,0.0,0.0,0.0,Washington DC,39.91N,77.02W,39.91,-77.02
2009,Venezuela,VEN,17053.93131,28519913.0,435.49712630000005,0.07,0.06,0.14,0.09,0.07,0.02,0.07,Caracas,10.30N,66.55W,10.3,-66.55
2009,Vietnam,VNM,4259.960397999999,86901173.0,82.44347289,1.51,1.26,3.25,1.84,1.16,0.41,1.34,Hanoi,21.05N,105.55E,21.05,105.55
2009,South Africa,ZAF,11842.159940000001,49751503.0,68.34002211,0.22,0.33,0.46,0.44,0.34,0.25,0.35,Cape Town (legislative) ,25.44S,28.12E,-25.44,28.12
2009,Zambia,ZMB,3060.067789,12723746.0,30715.99412,110.23,28.59,73.96,28.08,7.35,9.47,26.48,Lusaka,15.28S,28.16E,-15.28,28.16
2009,Zimbabwe,ZWE,1290.254664,12473992.0,20567.20611,20.85,8.95,25.52,12.89,6.36,4.64,10.06,Harare,17.43S,31.02E,-17.43,31.02
2010,Angola,AGO,5895.114088,19081912.0,21470.66053,153.16,39.04,86.06,28.72,7.95,10.35,31.92,Luanda,08.50S,13.15E,-8.5,13.15
2010,Argentina,ARG,18712.06308,40412376.0,1.2799668579999999,0.0,0.01,0.03,0.01,0.01,0.0,0.01,Buenos Aires,36.30S,60.00W,-36.3,-60.0
2010,Armenia,ARM,6702.848006,3092072.0,0.0,0.0,0.01,0.04,0.01,0.01,0.0,0.01,Yerevan,40.10N,44.31E,40.1,44.31
2010,Azerbaijan,AZE,15950.257459999999,9187783.0,2.377714995,0.0,0.01,0.05,0.01,0.01,0.0,0.01,Baku,40.29N,49.56E,40.29,49.56
2010,Burundi,BDI,763.8319302,8382849.0,27784.8156,377.13,94.83,251.51,71.03,20.59,31.69,82.82,Bujumbura,03.16S,29.18E,-3.16,29.18
2010,Benin,BEN,1818.7784609999999,8849892.0,36976.04232,407.55,95.62,235.31,72.78,18.58,33.33,83.32,Porto Novo (constitutional) ,06.23N,02.42E,6.23,2.42
2010,Burkina Faso,BFA,1424.781747,16468714.0,43365.72065,1160.77,257.18,370.07,117.47,28.57,64.44,179.86,Ouagadougou,12.15N,01.30W,12.15,-1.3
2010,Bangladesh,BGD,2442.728888,148692131.0,1906.902261,0.01,1.36,0.86,1.14,1.54,1.68,1.34,Dhaka,23.43N,90.26E,23.43,90.26
2010,Bolivia,BOL,5407.47022,9929849.0,788.9338155,0.17,0.09,0.3,0.13,0.06,0.05,0.1,La Paz,16.20S,68.10W,-16.2,-68.1
2010,Brazil,BRA,14539.084530000002,194946470.0,728.2245807,0.07,0.04,0.08,0.05,0.04,0.02,0.04,Brasilia,15.47S,47.55W,-15.47,-47.55
2010,Botswana,BWA,13334.19879,2006945.0,361.7636459,1.08,0.94,3.06,1.64,0.92,0.4,1.15,Gaborone,24.45S,25.57E,-24.45,25.57
2010,China,CHN,9525.819142,1341335152.0,7.52277626,0.0,0.02,0.04,0.02,0.01,0.0,0.01,Beijing,39.55N,116.20E,39.55,116.2
2010,Cote d'Ivoire,CIV,2690.258002,19737800.0,37161.959969999996,778.05,170.41,391.48,115.93,35.52,65.23,152.85,Yamoussoukro,06.49N,05.17W,6.49,-5.17
2010,Cameroon,CMR,2654.933971,19598889.0,28013.1233,606.78,131.04,236.44,90.26,22.33,40.1,106.41,Yaounde,03.50N,11.35E,3.5,11.35
2010,Colombia,COL,10900.50528,46294841.0,896.326337,0.3,0.12,0.31,0.13,0.09,0.08,0.13,Bogota,04.34N,74.00W,4.34,-74.0
2010,Cape Verde,CPV,5828.241588,495999.0,11.76320854,0.09,0.06,0.31,0.11,0.05,0.02,0.08,Praia,15.02N,23.34W,15.02,-23.34
2010,Costa Rica,CRI,12999.99219,4658887.0,210.93134759999998,0.0,0.01,0.03,0.01,0.01,0.0,0.01,San Jose,09.55N,84.02W,9.55,-84.02
2010,Dominican Republic,DOM,11123.53096,9927320.0,88.87284371,0.01,0.02,0.07,0.04,0.02,0.0,0.03,Santo Domingo,18.30N,69.59W,18.3,-69.59
2010,Algeria,DZA,12870.21624,35468208.0,0.0,0.01,0.02,0.05,0.03,0.02,0.0,0.02,Algiers,36.42N,03.08E,36.42,3.08
2010,Ecuador,ECU,9352.344237000001,14464739.0,238.77829559999998,0.08,0.06,0.19,0.1,0.06,0.02,0.07,Quito,00.15S,78.35W,-0.15,-78.35
2010,Egypt,EGY,9857.468282,81121077.0,0.0,0.0,0.01,0.03,0.02,0.01,0.0,0.01,Cairo,30.01N,31.14E,30.01,31.14
2010,Ethiopia,ETH,1073.8262949999998,82949541.0,15311.072380000001,7.99,2.17,7.62,2.6,0.8,0.78,2.33,Addis Ababa,09.02N,38.42E,9.02,38.42
2010,Georgia,GEO,6733.783761,4352244.0,1.868359789,0.0,0.01,0.04,0.02,0.01,0.0,0.01,T'bilisi,41.43N,44.50E,41.43,44.5
2010,Ghana,GHA,3059.4136989999997,24391823.0,31650.89144,471.27,110.42,268.17,101.04,28.72,39.68,102.42,Accra,05.35N,00.06W,5.35,-0.06
2010,Gambia,GMB,1655.74235,1728394.0,28224.48997,60.56,18.34,78.07,25.35,5.14,6.22,19.86,Banjul,13.28N,16.40W,13.28,-16.4
2010,Guatemala,GTM,6714.063595999999,14388929.0,1078.710183,0.07,0.13,0.53,0.28,0.15,0.03,0.17,Guatemala,14.40N,90.22W,14.4,-90.22
2010,Guyana,GUY,5835.810211,754493.0,7848.125006,0.92,1.69,2.59,2.52,2.2,0.41,1.88,Georgetown,06.50N,58.12W,6.5,-58.12
2010,Honduras,HND,3971.182994,7600524.0,484.3127721,0.41,0.32,1.34,0.52,0.27,0.18,0.39,Tegucigalpa,14.05N,87.14W,14.05,-87.14
2010,Indonesia,IDN,8433.497357,239870937.0,1100.234516,3.23,2.37,13.82,3.4,1.98,0.59,3.31,Jakarta,06.09S,106.49E,-6.09,106.49
2010,India,IND,4404.697005,1224614327.0,924.6399807,19.66,4.07,6.87,3.16,1.19,4.05,4.14,New Delhi,28.37N,77.13E,28.37,77.13
2010,Iran,IRN,17443.63548,73973630.0,26.14291013,0.01,0.01,0.04,0.02,0.02,0.0,0.02,Tehran,35.44N,51.30E,35.44,51.3
2010,Jamaica,JAM,7996.512517,2741052.0,14.15545656,0.0,0.0,0.0,0.0,0.0,0.0,0.0,Kingston,18.00N,76.50W,18.0,-76.5
2010,Kenya,KEN,2475.843537,40512682.0,31027.81615,38.23,8.26,21.71,6.64,1.71,2.29,7.61,Nairobi,01.17S,36.48E,-1.17,36.48
2010,Kyrgyzstan,KGZ,2790.170664,5334223.0,7.146899703,0.0,0.01,0.05,0.02,0.01,0.0,0.01,Bishkek,42.54N,74.46E,42.54,74.46
2010,Cambodia,KHM,2522.926825,14138255.0,1845.200448,21.24,15.38,24.12,18.64,16.56,6.53,16.07,Phnom Penh,11.33N,104.55E,11.33,104.55
2010,Madagascar,MDG,1385.685072,20713819.0,3355.896961,105.34,29.99,103.45,33.65,10.9,11.41,31.22,Antananarivo,18.55S,47.31E,-18.55,47.31
2010,Mexico,MEX,15534.945630000002,113423047.0,9.002037919,0.0,0.01,0.03,0.01,0.01,0.0,0.01,Mexico,19.20N,99.10W,19.2,-99.1
2010,Mali,MLI,1871.984744,15369809.0,36074.12267,713.75,158.42,209.72,67.07,15.78,46.73,108.02,Bamako,12.34N,07.55W,12.34,-7.55
2010,Mozambique,MOZ,917.763832,23390765.0,35441.23281,432.5,101.05,158.38,49.39,16.47,33.65,73.91,Maputo,25.58S,32.32E,-25.58,32.32
2010,Mauritania,MRT,3316.97478,3459773.0,18382.09077,41.56,9.07,29.43,9.82,2.5,3.12,9.6,Nouakchott,20.10S,57.30E,-20.1,57.3
2010,Malawi,MWI,1032.9628810000002,14900841.0,33363.395619999996,365.36,82.85,122.5,41.26,10.88,24.95,59.42,Lilongwe,14.00S,33.48E,-14.0,33.48
2010,Malaysia,MYS,21107.29234,28401017.0,55.90985403,0.05,0.05,0.2,0.11,0.05,0.01,0.06,Kuala Lumpur,03.09N,101.41E,3.09,101.41
2010,Namibia,NAM,8460.847368,2283289.0,1698.492538,11.95,4.34,11.51,5.93,2.81,2.27,4.78,Windhoek,22.35S,17.04E,-22.35,17.04
2010,Nigeria,NGA,5150.158818,158423182.0,39736.352589999995,883.97,174.97,220.55,53.59,13.64,48.44,123.22,Abuja,09.05N,07.32E,9.05,7.32
2010,Nicaragua,NIC,4028.712087,5788163.0,105.21482250000001,0.05,0.05,0.18,0.09,0.05,0.01,0.06,Managua,12.06N,86.20W,12.06,-86.2
2010,Nepal,NPL,1985.980341,29959364.0,112.09825359999998,8.55,2.74,5.06,2.14,0.74,3.62,2.52,Kathmandu,27.45N,85.20E,27.45,85.2
2010,Oman,OMN,45334.8295,2782435.0,0.0,0.0,0.0,0.0,0.0,0.0,0.0,0.0,Masqat,23.37N,58.36E,23.37,58.36
2010,Pakistan,PAK,4283.607312,173593383.0,931.3120287999999,5.91,3.99,9.67,3.43,1.37,8.41,3.99,Islamabad,33.40N,73.10E,33.4,73.1
2010,Panama,PAN,15419.34162,3516820.0,161.6764683,0.0,0.01,0.04,0.02,0.01,0.0,0.01,Panama,09.00N,79.25W,9.0,-79.25
2010,Peru,PER,9956.556637,29076512.0,803.9865658,0.03,0.03,0.13,0.06,0.02,0.01,0.03,Lima,12.00S,77.00W,-12.0,-77.0
2010,Philippines,PHL,5596.837097,93260798.0,143.9213212,0.1,0.19,0.71,0.39,0.2,0.04,0.24,Manila,14.40N,121.03E,14.4,121.03
2010,Paraguay,PRY,7289.51391,6454548.0,32.78865161,0.0,0.01,0.04,0.01,0.01,0.0,0.01,Asuncion,25.10S,57.30W,-25.1,-57.3
2010,Russia,RUS,23107.785219999998,142958164.0,0.0,0.0,0.0,0.0,0.0,0.0,0.0,0.0,Moskva,55.45N,37.35E,55.45,37.35
2010,Rwanda,RWA,1353.154072,10624005.0,34352.00689,82.6,22.75,68.1,22.61,7.0,8.85,21.51,Kigali,01.59S,30.04E,-1.59,30.04
2010,Saudi Arabia,SAU,45421.22848,27448086.0,6.094761714,0.01,0.06,0.11,0.09,0.08,0.0,0.06,Riyadh,24.41N,46.42E,24.41,46.42
2010,Senegal,SEN,2180.591234,12433728.0,12063.27638,147.56,40.12,132.83,51.21,11.94,13.0,41.47,Dakar,14.34N,17.29W,14.34,-17.29
2010,El Salvador,SLV,7299.871312,6192993.0,1.276883105,0.0,0.01,0.03,0.01,0.02,0.0,0.01,San Salvador,13.40N,89.10W,13.4,-89.1
2010,Swaziland,SWZ,7296.510455,1186056.0,17.48207905,0.06,0.03,0.07,0.04,0.02,0.01,0.03,Mbabane (administrative),26.18S,31.06E,-26.18,31.06
2010,Chad,TCD,1925.1951179999999,11227208.0,39920.37009,229.6,51.95,89.06,30.96,6.82,14.37,39.07,N'Djamena,12.10N,14.59E,12.1,14.59
2010,Thailand,THA,13486.562409999999,69122234.0,405.1134727,0.05,0.08,0.16,0.1,0.09,0.02,0.08,Bangkok,13.45N,100.35E,13.45,100.35
2010,Tajikistan,TJK,2106.3387559999996,6878637.0,35.72419211,0.02,0.05,0.1,0.04,0.03,0.12,0.05,Dushanbe,38.33N,68.48E,38.33,68.48
2010,Turkey,TUR,17959.25911,72752325.0,1.657227625,0.0,0.01,0.03,0.01,0.01,0.0,0.01,Ankara,39.57N,32.54E,39.57,32.54
2010,Tanzania,TZA,2090.583225,44841226.0,29245.42475,211.48,49.14,90.57,32.3,9.26,13.88,38.75,Dodoma,06.08S,35.45E,-6.08,35.45
2010,Uganda,UGA,1540.132177,33424683.0,35543.23852,581.31,143.44,265.66,85.55,20.9,42.32,105.84,Kampala,00.20N,32.30E,0.2,32.3
2010,Venezuela,VEN,16544.97206,28979857.0,435.6378758,0.07,0.06,0.14,0.08,0.07,0.02,0.07,Caracas,10.30N,66.55W,10.3,-66.55
2010,Vietnam,VNM,4486.261073,87848445.0,81.57714182,1.49,1.26,3.28,1.82,1.15,0.41,1.33,Hanoi,21.05N,105.55E,21.05,105.55
2010,South Africa,ZAF,12028.93398,50132817.0,67.37405509,0.19,0.31,0.44,0.42,0.31,0.25,0.32,Cape Town (legislative) ,25.44S,28.12E,-25.44,28.12
2010,Zambia,ZMB,3279.277161,13088570.0,31251.30802,114.08,29.23,74.95,28.63,7.32,9.38,26.93,Lusaka,15.28S,28.16E,-15.28,28.16
2010,Zimbabwe,ZWE,1460.4028349999999,12571454.0,20367.88824,24.22,9.53,25.72,12.77,6.26,4.96,10.34,Harare,17.43S,31.02E,-17.43,31.02
2011,Angola,AGO,5911.254334,19618432.0,21470.66053,133.12,34.33,79.69,26.37,7.29,9.2,28.63,Luanda,08.50S,13.15E,-8.5,13.15
2011,Argentina,ARG,19629.35185,40764561.0,1.2799668579999999,0.0,0.01,0.03,0.01,0.01,0.0,0.01,Buenos Aires,36.30S,60.00W,-36.3,-60.0
2011,Armenia,ARM,7022.103943000001,3100236.0,0.0,0.0,0.0,0.0,0.0,0.0,0.0,0.0,Yerevan,40.10N,44.31E,40.1,44.31
2011,Azerbaijan,AZE,15754.15236,9306023.0,2.377714995,0.0,0.01,0.04,0.01,0.01,0.0,0.01,Baku,40.29N,49.56E,40.29,49.56
2011,Burundi,BDI,771.5094237000001,8575172.0,27784.8156,332.37,84.46,227.53,62.14,18.28,28.07,73.49,Bujumbura,03.16S,29.18E,-3.16,29.18
2011,Benin,BEN,1820.894693,9099922.0,36976.04232,365.5,87.08,225.2,69.22,17.82,30.92,77.55,Porto Novo (constitutional) ,06.23N,02.42E,6.23,2.42
2011,Burkina Faso,BFA,1472.716191,16967845.0,43365.72065,1103.45,242.27,355.82,110.76,26.24,58.63,170.58,Ouagadougou,12.15N,01.30W,12.15,-1.3
2011,Bangladesh,BGD,2570.850145,150493658.0,1906.902261,0.01,1.29,0.89,1.1,1.47,1.56,1.28,Dhaka,23.43N,90.26E,23.43,90.26
2011,Bolivia,BOL,5598.508445,10088108.0,788.9338155,0.16,0.09,0.29,0.13,0.06,0.05,0.1,La Paz,16.20S,68.10W,-16.2,-68.1
2011,Brazil,BRA,14973.098469999999,196655014.0,728.2245807,0.07,0.04,0.08,0.05,0.04,0.02,0.04,Brasilia,15.47S,47.55W,-15.47,-47.55
2011,Botswana,BWA,13889.27047,2030738.0,361.7636459,1.04,0.94,3.1,1.62,0.92,0.4,1.15,Gaborone,24.45S,25.57E,-24.45,25.57
2011,China,CHN,10384.367320000001,1347565324.0,7.52277626,0.0,0.01,0.04,0.02,0.01,0.0,0.01,Beijing,39.55N,116.20E,39.55,116.2
2011,Cote d'Ivoire,CIV,2511.420195,20152894.0,37161.959969999996,702.33,154.57,358.7,106.91,32.86,59.32,139.49,Yamoussoukro,06.49N,05.17W,6.49,-5.17
2011,Cameroon,CMR,2690.765055,20030362.0,28013.1233,567.38,123.73,231.19,87.36,21.64,38.05,101.31,Yaounde,03.50N,11.35E,3.5,11.35
2011,Colombia,COL,11496.47771,46927125.0,896.326337,0.28,0.11,0.29,0.12,0.08,0.07,0.12,Bogota,04.34N,74.00W,4.34,-74.0
2011,Cape Verde,CPV,5991.77849,500585.0,11.76320854,0.08,0.06,0.3,0.11,0.05,0.02,0.07,Praia,15.02N,23.34W,15.02,-23.34
2011,Costa Rica,CRI,13397.23054,4726575.0,210.93134759999998,0.0,0.01,0.02,0.01,0.01,0.0,0.01,San Jose,09.55N,84.02W,9.55,-84.02
2011,Dominican Republic,DOM,11320.903059999999,10056181.0,88.87284371,0.01,0.02,0.07,0.04,0.02,0.0,0.02,Santo Domingo,18.30N,69.59W,18.3,-69.59
2011,Algeria,DZA,12989.95496,35980193.0,0.0,0.01,0.02,0.05,0.03,0.02,0.0,0.02,Algiers,36.42N,03.08E,36.42,3.08
2011,Ecuador,ECU,9926.903441,14666055.0,238.77829559999998,0.08,0.06,0.19,0.09,0.06,0.02,0.07,Quito,00.15S,78.35W,-0.15,-78.35
2011,Egypt,EGY,9823.823287000001,82536770.0,0.0,0.0,0.01,0.03,0.02,0.01,0.0,0.01,Cairo,30.01N,31.14E,30.01,31.14
2011,Ethiopia,ETH,1162.783317,84734262.0,15311.072380000001,5.94,1.62,5.82,1.97,0.61,0.58,1.76,Addis Ababa,09.02N,38.42E,9.02,38.42
2011,Georgia,GEO,7315.090898,4329026.0,1.868359789,0.0,0.01,0.04,0.02,0.01,0.0,0.01,T'bilisi,41.43N,44.50E,41.43,44.5
2011,Ghana,GHA,3404.4595659999995,24965816.0,31650.89144,431.11,101.34,244.55,88.9,25.81,36.83,92.62,Accra,05.35N,00.06W,5.35,-0.06
2011,Gambia,GMB,1534.8949380000001,1776103.0,28224.48997,65.33,19.72,85.55,27.27,5.66,6.63,21.61,Banjul,13.28N,16.40W,13.28,-16.4
2011,Guatemala,GTM,6844.495640000001,14757316.0,1078.710183,0.07,0.13,0.51,0.27,0.14,0.03,0.17,Guatemala,14.40N,90.22W,14.4,-90.22
2011,Guyana,GUY,6132.214142,756040.0,7848.125006,2.3,2.31,3.43,3.21,2.82,0.63,2.54,Georgetown,06.50N,58.12W,6.5,-58.12
2011,Honduras,HND,4046.0762520000003,7754687.0,484.3127721,0.41,0.32,1.35,0.51,0.27,0.18,0.39,Tegucigalpa,14.05N,87.14W,14.05,-87.14
2011,Indonesia,IDN,8837.820122,242325638.0,1100.234516,1.93,2.17,13.13,3.24,1.91,0.56,3.05,Jakarta,06.09S,106.49E,-6.09,106.49
2011,India,IND,4635.879137,1241491960.0,924.6399807,19.59,4.02,6.91,3.15,1.18,4.03,4.12,New Delhi,28.37N,77.13E,28.37,77.13
2011,Iran,IRN,17876.1888,74798599.0,26.14291013,0.01,0.01,0.04,0.02,0.01,0.0,0.01,Tehran,35.44N,51.30E,35.44,51.3
2011,Jamaica,JAM,8099.462487999999,2751273.0,14.15545656,0.0,0.0,0.0,0.0,0.0,0.0,0.0,Kingston,18.00N,76.50W,18.0,-76.5
2011,Kenya,KEN,2556.870916,41609728.0,31027.81615,16.25,3.67,11.73,3.47,0.91,1.0,3.64,Nairobi,01.17S,36.48E,-1.17,36.48
2011,Kyrgyzstan,KGZ,2920.60321,5392580.0,7.146899703,0.0,0.01,0.05,0.02,0.01,0.0,0.01,Bishkek,42.54N,74.46E,42.54,74.46
2011,Cambodia,KHM,2658.709247,14305183.0,1845.200448,19.63,14.95,23.8,18.33,16.25,6.16,15.64,Phnom Penh,11.33N,104.55E,11.33,104.55
2011,Madagascar,MDG,1367.5430820000001,21315135.0,3355.896961,82.77,23.85,86.59,27.42,8.98,9.11,25.35,Antananarivo,18.55S,47.31E,-18.55,47.31
2011,Mexico,MEX,15922.898159999999,114793341.0,9.002037919,0.0,0.01,0.03,0.01,0.01,0.0,0.01,Mexico,19.20N,99.10W,19.2,-99.1
2011,Mali,MLI,1874.7030300000001,15839538.0,36074.12267,731.81,162.25,219.44,69.36,16.19,48.26,111.3,Bamako,12.34N,07.55W,12.34,-7.55
2011,Mozambique,MOZ,954.7991162000001,23929708.0,35441.23281,406.52,96.48,162.38,50.66,16.77,32.74,72.23,Maputo,25.58S,32.32E,-25.58,32.32
2011,Mauritania,MRT,3371.994582,3541540.0,18382.09077,34.75,7.66,25.91,8.44,2.2,2.61,8.23,Nouakchott,20.10S,57.30E,-20.1,57.3
2011,Malawi,MWI,1051.1859960000002,15380888.0,33363.395619999996,294.78,67.12,101.14,34.67,8.98,19.98,48.45,Lilongwe,14.00S,33.48E,-14.0,33.48
2011,Malaysia,MYS,21818.87569,28859154.0,55.90985403,0.05,0.05,0.2,0.11,0.05,0.01,0.06,Kuala Lumpur,03.09N,101.41E,3.09,101.41
2011,Namibia,NAM,8721.255524,2324004.0,1698.492538,11.29,4.2,11.39,5.7,2.72,2.29,4.62,Windhoek,22.35S,17.04E,-22.35,17.04
2011,Nigeria,NGA,5259.295504,162470737.0,39736.352589999995,817.62,161.63,202.87,49.24,12.6,44.46,113.9,Abuja,09.05N,07.32E,9.05,7.32
2011,Nicaragua,NIC,4231.497518,5869859.0,105.21482250000001,0.05,0.05,0.18,0.09,0.05,0.01,0.06,Managua,12.06N,86.20W,12.06,-86.2
2011,Nepal,NPL,2031.0874649999998,30485798.0,112.09825359999998,8.2,2.65,5.08,2.14,0.73,3.49,2.46,Kathmandu,27.45N,85.20E,27.45,85.2
2011,Oman,OMN,42121.26212,2846145.0,0.0,0.0,0.0,0.0,0.0,0.0,0.0,0.0,Masqat,23.37N,58.36E,23.37,58.36
2011,Pakistan,PAK,4309.763713,176745364.0,931.3120287999999,5.62,3.88,9.56,3.36,1.34,8.25,3.9,Islamabad,33.40N,73.10E,33.4,73.1
2011,Panama,PAN,16939.883169999997,3571185.0,161.6764683,0.0,0.01,0.04,0.02,0.01,0.0,0.01,Panama,09.00N,79.25W,9.0,-79.25
2011,Peru,PER,10449.09326,29399817.0,803.9865658,0.03,0.03,0.13,0.05,0.02,0.01,0.03,Lima,12.00S,77.00W,-12.0,-77.0
2011,Philippines,PHL,5707.204842,94852030.0,143.9213212,0.1,0.18,0.68,0.37,0.19,0.04,0.23,Manila,14.40N,121.03E,14.4,121.03
2011,Paraguay,PRY,7504.653644,6568290.0,32.78865161,0.0,0.01,0.04,0.01,0.01,0.0,0.01,Asuncion,25.10S,57.30W,-25.1,-57.3
2011,Russia,RUS,24074.36458,142835555.0,0.0,0.0,0.0,0.0,0.0,0.0,0.0,0.0,Moskva,55.45N,37.35E,55.45,37.35
2011,Rwanda,RWA,1421.185929,10942950.0,34352.00689,83.65,23.11,70.44,23.56,7.38,9.01,22.21,Kigali,01.59S,30.04E,-1.59,30.04
2011,Saudi Arabia,SAU,48524.632489999996,28082541.0,6.094761714,0.01,0.06,0.11,0.08,0.08,0.0,0.06,Riyadh,24.41N,46.42E,24.41,46.42
2011,Senegal,SEN,2154.817596,12767556.0,12063.27638,123.08,34.4,120.88,46.17,10.87,11.07,36.52,Dakar,14.34N,17.29W,14.34,-17.29
2011,El Salvador,SLV,7428.030148999999,6227491.0,1.276883105,0.0,0.01,0.03,0.01,0.01,0.0,0.01,San Salvador,13.40N,89.10W,13.4,-89.1
2011,Swaziland,SWZ,7323.997018000001,1203330.0,17.48207905,0.06,0.03,0.08,0.04,0.02,0.01,0.03,Mbabane (administrative),26.18S,31.06E,-26.18,31.06
2011,Chad,TCD,1863.845605,11525496.0,39920.37009,206.86,47.18,85.47,29.34,6.44,12.82,36.01,N'Djamena,12.10N,14.59E,12.1,14.59
2011,Thailand,THA,13535.133269999998,69518555.0,405.1134727,0.04,0.07,0.15,0.09,0.08,0.02,0.07,Bangkok,13.45N,100.35E,13.45,100.35
2011,Tajikistan,TJK,2211.7538219999997,6976958.0,35.72419211,0.02,0.05,0.1,0.04,0.03,0.12,0.05,Dushanbe,38.33N,68.48E,38.33,68.48
2011,Turkey,TUR,19660.88949,73639596.0,1.657227625,0.0,0.01,0.02,0.01,0.0,0.0,0.01,Ankara,39.57N,32.54E,39.57,32.54
2011,Tanzania,TZA,2186.131582,46218486.0,29245.42475,170.48,40.1,79.5,28.23,8.11,11.32,32.48,Dodoma,06.08S,35.45E,-6.08,35.45
2011,Uganda,UGA,1628.901607,34509205.0,35543.23852,493.8,121.7,229.97,73.79,17.88,36.43,90.47,Kampala,00.20N,32.30E,0.2,32.3
2011,Venezuela,VEN,16981.33549,29436891.0,435.6378758,0.07,0.06,0.14,0.08,0.07,0.02,0.07,Caracas,10.30N,66.55W,10.3,-66.55
2011,Vietnam,VNM,4715.886349,88791996.0,81.57714182,1.44,1.24,3.31,1.8,1.13,0.4,1.31,Hanoi,21.05N,105.55E,21.05,105.55
2011,South Africa,ZAF,12243.87909,50459978.0,67.37405509,0.17,0.29,0.43,0.41,0.29,0.26,0.31,Cape Town (legislative) ,25.44S,28.12E,-25.44,28.12
2011,Zambia,ZMB,3361.112069,13474959.0,31251.30802,102.16,25.77,64.2,24.61,6.2,8.15,23.45,Lusaka,15.28S,28.16E,-15.28,28.16
2011,Zimbabwe,ZWE,1663.456376,12754378.0,20367.88824,25.17,9.61,25.32,12.23,6.06,5.09,10.21,Harare,17.43S,31.02E,-17.43,31.02
2012,Argentina,ARG,19224.8744,41118986.0,0.706889765,0.0,0.01,0.03,0.01,0.01,0.0,0.01,Buenos Aires,36.30S,60.00W,-36.3,-60.0
2012,Armenia,ARM,7511.132481999999,3108972.0,0.0,0.0,0.0,0.0,0.0,0.0,0.0,0.0,Yerevan,40.10N,44.31E,40.1,44.31
2012,Azerbaijan,AZE,15888.218,9421233.0,1.031364114,0.0,0.01,0.04,0.01,0.01,0.0,0.01,Baku,40.29N,49.56E,40.29,49.56
2012,Burundi,BDI,778.7354836000001,8749387.0,8931.505681999999,270.36,70.52,205.98,54.7,16.15,23.46,63.04,Bujumbura,03.16S,29.18E,-3.16,29.18
2012,Benin,BEN,1855.8434280000001,9351838.0,27461.06587,352.84,84.64,224.66,68.7,17.77,30.15,76.39,Porto Novo (constitutional) ,06.23N,02.42E,6.23,2.42
2012,Burkina Faso,BFA,1521.453651,17481984.0,31822.23205,1021.91,224.77,344.18,105.92,26.15,57.08,161.49,Ouagadougou,12.15N,01.30W,12.15,-1.3
2012,Bangladesh,BGD,2706.586745,152408774.0,619.8753324,0.01,1.24,0.92,1.08,1.42,1.45,1.23,Dhaka,23.43N,90.26E,23.43,90.26
2012,Bolivia,BOL,5792.933051,10248042.0,177.1360773,0.15,0.08,0.28,0.13,0.06,0.05,0.09,La Paz,16.20S,68.10W,-16.2,-68.1
2012,Brazil,BRA,15118.13845,198360943.0,201.8498539,0.06,0.04,0.07,0.05,0.04,0.02,0.04,Brasilia,15.47S,47.55W,-15.47,-47.55
2012,Botswana,BWA,14244.49431,2053237.0,232.86954419999998,0.95,0.82,2.74,1.42,0.8,0.32,1.0,Gaborone,24.45S,25.57E,-24.45,25.57
2012,China,CHN,11145.75235,1353600687.0,1.967775597,0.0,0.01,0.03,0.02,0.01,0.0,0.01,Beijing,39.55N,116.20E,39.55,116.2
2012,Cote d'Ivoire,CIV,2712.3780260000003,20594615.0,38557.1885,566.07,127.04,314.33,94.08,28.95,48.6,117.64,Yamoussoukro,06.49N,05.17W,6.49,-5.17
2012,Cameroon,CMR,2739.225731,20468943.0,26841.9947,529.22,116.43,226.33,84.68,20.94,35.73,96.35,Yaounde,03.50N,11.35E,3.5,11.35
2012,Colombia,COL,11840.24043,47550708.0,386.78632719999996,0.27,0.11,0.28,0.12,0.08,0.06,0.11,Bogota,04.34N,74.00W,4.34,-74.0
2012,Cape Verde,CPV,5986.939056,505335.0,68.79671536,0.08,0.06,0.29,0.1,0.04,0.02,0.07,Praia,15.02N,23.34W,15.02,-23.34
2012,Costa Rica,CRI,13878.0474,4793725.0,13.74417257,0.0,0.01,0.02,0.01,0.01,0.0,0.01,San Jose,09.55N,84.02W,9.55,-84.02
2012,Dominican Republic,DOM,11490.68182,10183339.0,41.77657272,0.01,0.02,0.07,0.04,0.02,0.0,0.02,Santo Domingo,18.30N,69.59W,18.3,-69.59
2012,Algeria,DZA,13161.56646,36485828.0,0.034523325,0.01,0.02,0.05,0.03,0.02,0.0,0.02,Algiers,36.42N,03.08E,36.42,3.08
2012,Ecuador,ECU,10322.1789,14864987.0,51.37538192,0.07,0.06,0.18,0.09,0.05,0.02,0.06,Quito,00.15S,78.35W,-0.15,-78.35
2012,Egypt,EGY,9822.420181,83958369.0,0.0,0.0,0.01,0.03,0.02,0.01,0.0,0.01,Cairo,30.01N,31.14E,30.01,31.14
2012,Ethiopia,ETH,1230.575484,86538534.0,2995.5109850000003,5.79,1.63,6.24,2.11,0.64,0.59,1.82,Addis Ababa,09.02N,38.42E,9.02,38.42
2012,Gabon,GAB,16159.491000000002,1563873.0,19021.08542,192.86,52.77,114.61,67.46,22.14,17.35,51.73,Libreville,00.25N,09.26E,0.25,9.26
2012,Georgia,GEO,7881.3290480000005,4304363.0,0.187077622,0.0,0.0,0.0,0.0,0.0,0.0,0.0,T'bilisi,41.43N,44.50E,41.43,44.5
2012,Ghana,GHA,3632.4364549999996,25545939.0,26354.54607,381.34,91.77,237.01,82.9,24.43,32.55,84.92,Accra,05.35N,00.06W,5.35,-0.06
2012,Guinea,GIN,1234.353269,10480710.0,39709.556710000004,639.14,131.1,220.42,64.69,17.97,42.04,103.06,Conakry,09.29N,13.49W,9.29,-13.49
2012,Gambia,GMB,1574.596578,1824777.0,28225.95607,68.15,20.32,87.06,27.49,5.77,6.92,22.21,Banjul,13.28N,16.40W,13.28,-16.4
2012,Guatemala,GTM,6899.108739,15137569.0,210.01654380000002,0.07,0.12,0.48,0.26,0.14,0.03,0.16,Guatemala,14.40N,90.22W,14.4,-90.22
2012,Guyana,GUY,6393.506861,757623.0,3786.614574,1.93,2.18,3.27,3.01,2.64,0.62,2.36,Georgetown,06.50N,58.12W,6.5,-58.12
2012,Honduras,HND,4136.822058,7912032.0,368.0698445,0.41,0.32,1.36,0.51,0.27,0.18,0.39,Tegucigalpa,14.05N,87.14W,14.05,-87.14
2012,Haiti,HTI,1584.832466,10255644.0,2580.02415,0.11,0.1,0.2,0.14,0.12,0.02,0.11,Port-au-Prince,18.40N,72.20W,18.4,-72.2
2012,Indonesia,IDN,9251.175537000001,244769110.0,1374.8212800000001,3.29,2.24,12.58,3.12,1.85,0.55,3.07,Jakarta,06.09S,106.49E,-6.09,106.49
2012,India,IND,4827.559656,1258350971.0,1862.159273,18.59,3.82,6.81,3.07,1.15,3.89,3.97,New Delhi,28.37N,77.13E,28.37,77.13
2012,Iran,IRN,16484.741719999998,75611798.0,7.155172362,0.01,0.01,0.04,0.02,0.01,0.0,0.01,Tehran,35.44N,51.30E,35.44,51.3
2012,Kenya,KEN,2602.5038670000004,42749418.0,5852.561951,16.13,3.71,13.21,3.77,1.0,1.0,3.83,Nairobi,01.17S,36.48E,-1.17,36.48
2012,Kyrgyzstan,KGZ,2869.8389620000003,5448085.0,0.088702979,0.0,0.01,0.05,0.01,0.01,0.0,0.01,Bishkek,42.54N,74.46E,42.54,74.46
2012,Cambodia,KHM,2807.007055,14478320.0,2588.766713,18.51,14.52,23.34,17.93,15.82,5.9,15.18,Phnom Penh,11.33N,104.55E,11.33,104.55
2012,Liberia,LBR,771.9054262,4244684.0,29414.204489999996,283.84,69.16,208.99,64.34,16.29,27.47,67.8,Monrovia,06.18N,10.47W,6.18,-10.47
2012,Madagascar,MDG,1370.950275,21928518.0,3999.820117,81.33,23.56,90.0,27.67,9.03,8.97,25.52,Antananarivo,18.55S,47.31E,-18.55,47.31
2012,Mexico,MEX,16324.429369999998,116146768.0,2.820118709,0.0,0.01,0.03,0.01,0.01,0.0,0.01,Mexico,19.20N,99.10W,19.2,-99.1
2012,Mali,MLI,1804.9426039999998,16318897.0,18093.2182,786.09,174.25,243.34,76.23,17.57,52.89,120.84,Bamako,12.34N,07.55W,12.34,-7.55
2012,Mozambique,MOZ,994.1248942,24475186.0,32977.91943,391.64,93.86,166.66,52.04,16.99,32.49,71.69,Maputo,25.58S,32.32E,-25.58,32.32
2012,Mauritania,MRT,3462.56176,3622961.0,15494.903230000002,32.26,7.08,24.39,7.77,2.05,2.42,7.66,Nouakchott,20.10S,57.30E,-20.1,57.3
2012,Malawi,MWI,1039.759359,15882815.0,31168.810489999996,253.34,58.61,98.14,34.29,8.59,17.12,43.79,Lilongwe,14.00S,33.48E,-14.0,33.48
2012,Malaysia,MYS,22590.990990000002,29321798.0,70.79362541,0.05,0.05,0.2,0.11,0.05,0.01,0.06,Kuala Lumpur,03.09N,101.41E,3.09,101.41
2012,Namibia,NAM,8967.163152,2364433.0,3764.171006,12.29,4.18,10.97,5.38,2.55,2.16,4.52,Windhoek,22.35S,17.04E,-22.35,17.04
2012,Nigeria,NGA,5339.451668,166629383.0,36059.50238,759.85,149.9,191.38,46.3,11.86,41.22,106.43,Abuja,09.05N,07.32E,9.05,7.32
2012,Nicaragua,NIC,4453.253514,5954898.0,20.02504277,0.05,0.05,0.18,0.09,0.05,0.01,0.06,Managua,12.06N,86.20W,12.06,-86.2
2012,Nepal,NPL,2103.353638,31011137.0,60.4679625,7.59,2.5,5.02,2.09,0.71,3.29,2.35,Kathmandu,27.45N,85.20E,27.45,85.2
2012,Oman,OMN,43029.5713,2904037.0,0.0,0.0,0.0,0.0,0.0,0.0,0.0,0.0,Masqat,23.37N,58.36E,23.37,58.36
2012,Pakistan,PAK,4367.451996,179951140.0,1236.8666699999999,5.22,3.75,9.49,3.3,1.32,8.02,3.8,Islamabad,33.40N,73.10E,33.4,73.1
2012,Panama,PAN,18183.88507,3624991.0,35.56493961,0.0,0.01,0.04,0.02,0.01,0.0,0.01,Panama,09.00N,79.25W,9.0,-79.25
2012,Peru,PER,10943.91927,29733829.0,311.05884260000005,0.03,0.03,0.12,0.05,0.02,0.01,0.03,Lima,12.00S,77.00W,-12.0,-77.0
2012,Philippines,PHL,5988.803903,96471461.0,67.94590019,0.09,0.18,0.67,0.36,0.18,0.04,0.22,Manila,14.40N,121.03E,14.4,121.03
2012,Paraguay,PRY,7312.40983,6682943.0,2.270748225,0.0,0.01,0.03,0.01,0.01,0.0,0.01,Asuncion,25.10S,57.30W,-25.1,-57.3
2012,Rwanda,RWA,1507.709855,11271786.0,5408.497009000001,86.55,23.19,69.06,23.21,7.29,8.59,22.26,Kigali,01.59S,30.04E,-1.59,30.04
2012,Saudi Arabia,SAU,49658.6527,28705133.0,0.252882519,0.01,0.06,0.1,0.08,0.08,0.0,0.06,Riyadh,24.41N,46.42E,24.41,46.42
2012,Senegal,SEN,2183.7703100000003,13107945.0,29332.21771,96.7,28.14,107.07,40.5,9.59,9.08,31.03,Dakar,14.34N,17.29W,14.34,-17.29
2012,Sierra Leone,SLE,1402.6970939999999,6126450.0,32096.39236,847.4,171.27,338.58,84.48,22.46,57.92,145.86,Freetown,08.30N,13.17W,8.3,-13.17
2012,El Salvador,SLV,7532.8612219999995,6264129.0,0.37948270799999995,0.0,0.01,0.02,0.01,0.01,0.0,0.01,San Salvador,13.40N,89.10W,13.4,-89.1
2012,Suriname,SUR,15132.25261,534175.0,566.8601798999999,0.49,0.43,1.01,0.68,0.42,0.09,0.46,Paramaribo,05.50N,55.10W,5.5,-55.1
2012,Swaziland,SWZ,7530.1084,1220408.0,88.84584605,0.04,0.02,0.06,0.03,0.02,0.01,0.02,Mbabane (administrative),26.18S,31.06E,-26.18,31.06
2012,Chad,TCD,1962.8777300000002,11830573.0,37881.39605,196.33,45.24,85.18,28.92,6.33,12.71,34.9,N'Djamena,12.10N,14.59E,12.1,14.59
2012,Thailand,THA,14448.32935,69892142.0,260.7341162,0.04,0.07,0.14,0.09,0.07,0.01,0.06,Bangkok,13.45N,100.35E,13.45,100.35
2012,Tajikistan,TJK,2324.369287,7078755.0,3.849620912,0.02,0.05,0.1,0.04,0.03,0.12,0.05,Dushanbe,38.33N,68.48E,38.33,68.48
2012,Turkey,TUR,20282.02838,74508771.0,0.136659606,0.0,0.0,0.02,0.01,0.0,0.0,0.01,Ankara,39.57N,32.54E,39.57,32.54
2012,Tanzania,TZA,2227.828714,47656367.0,26132.839669999998,128.55,30.87,68.26,24.14,6.88,8.68,26.07,Dodoma,06.08S,35.45E,-6.08,35.45
2012,Uganda,UGA,1635.142889,35620977.0,28037.44289,367.84,91.13,186.3,59.59,14.21,27.12,69.82,Kampala,00.20N,32.30E,0.2,32.3
2012,Venezuela,VEN,17678.8125,29890694.0,301.7707663,0.07,0.06,0.14,0.08,0.07,0.02,0.07,Caracas,10.30N,66.55W,10.3,-66.55
2012,Vietnam,VNM,4910.314336,89730274.0,57.59893483,1.41,1.23,3.34,1.78,1.11,0.39,1.29,Hanoi,21.05N,105.55E,21.05,105.55
2012,South Africa,ZAF,12329.63033,50738255.0,31.76846738,0.16,0.28,0.43,0.39,0.27,0.27,0.3,Cape Town (legislative) ,25.44S,28.12E,-25.44,28.12
2012,Zambia,ZMB,3509.413319,13883577.0,22100.48047,109.91,27.56,69.3,26.6,6.54,8.68,25.17,Lusaka,15.28S,28.16E,-15.28,28.16
2012,Zimbabwe,ZWE,1848.193306,13013678.0,11645.67846,25.42,9.31,24.15,11.48,5.7,4.67,9.75,Harare,17.43S,31.02E,-17.43,31.02
2013,Angola,AGO,6185.0138289999995,20714494.0,19796.11826,128.8,33.53,82.88,27.11,7.41,9.07,28.69,Luanda,08.50S,13.15E,-8.5,13.15
2013,Argentina,ARG,19482.1903,41473982.0,0.20851445,0.0,0.01,0.03,0.01,0.01,0.0,0.01,Buenos Aires,36.30S,60.00W,-36.3,-60.0
2013,Armenia,ARM,7727.929092,3117722.0,0.0,0.0,0.0,0.0,0.0,0.0,0.0,0.0,Yerevan,40.10N,44.31E,40.1,44.31
2013,Azerbaijan,AZE,16593.18876,9533445.0,0.633998003,0.0,0.01,0.04,0.01,0.01,0.0,0.01,Baku,40.29N,49.56E,40.29,49.56
2013,Burundi,BDI,790.7145176,8911183.0,9688.260479999999,260.7,67.5,195.66,50.41,15.06,21.53,59.71,Bujumbura,03.16S,29.18E,-3.16,29.18
2013,Benin,BEN,1934.595772,9606534.0,28228.747460000002,332.37,80.24,217.03,66.68,17.34,28.27,73.29,Porto Novo (constitutional) ,06.23N,02.42E,6.23,2.42
2013,Burkina Faso,BFA,1518.327184,18011507.0,31924.20133,947.07,205.77,320.65,97.8,24.3,51.11,149.82,Ouagadougou,12.15N,01.30W,12.15,-1.3
2013,Bangladesh,BGD,2835.76662,154393847.0,392.0125325,0.01,1.21,0.98,1.06,1.39,1.4,1.2,Dhaka,23.43N,90.26E,23.43,90.26
2013,Bolivia,BOL,6090.69557,10409761.0,197.2322263,0.14,0.08,0.27,0.12,0.06,0.05,0.09,La Paz,16.20S,68.10W,-16.2,-68.1
2013,Brazil,BRA,15430.268280000002,200050487.0,219.5692809,0.05,0.04,0.07,0.05,0.04,0.02,0.04,Brasilia,15.47S,47.55W,-15.47,-47.55
2013,Bhutan,BTN,7070.792468000001,762313.0,102.53742890000001,10.22,2.59,4.43,1.55,0.64,4.33,2.61,Thimphu,27.31N,89.45E,27.31,89.45
2013,Botswana,BWA,15568.27336,2074616.0,192.6885694,0.91,0.81,2.73,1.39,0.8,0.31,0.99,Gaborone,24.45S,25.57E,-24.45,25.57
2013,China,CHN,11951.248790000001,1359368470.0,0.9092694640000001,0.0,0.01,0.03,0.02,0.01,0.0,0.01,Beijing,39.55N,116.20E,39.55,116.2
2013,Cote d'Ivoire,CIV,2879.850217,21057316.0,34429.06513,466.49,106.39,275.31,83.3,25.63,40.37,100.46,Yamoussoukro,06.49N,05.17W,6.49,-5.17
2013,Cameroon,CMR,2815.0189379999997,20913595.0,24202.528140000002,534.46,116.76,221.37,82.72,20.49,35.47,95.83,Yaounde,03.50N,11.35E,3.5,11.35
2013,Colombia,COL,12296.295540000001,48165221.0,405.6395954,0.25,0.1,0.28,0.12,0.08,0.06,0.11,Bogota,04.34N,74.00W,4.34,-74.0
2013,Cape Verde,CPV,5963.9079759999995,510213.0,27.96727828,0.08,0.06,0.29,0.1,0.04,0.02,0.07,Praia,15.02N,23.34W,15.02,-23.34
2013,Costa Rica,CRI,14035.287980000001,4859957.0,2.792719887,0.0,0.01,0.02,0.01,0.01,0.0,0.01,San Jose,09.55N,84.02W,9.55,-84.02
2013,Dominican Republic,DOM,11887.67311,10308609.0,47.0158602,0.01,0.02,0.06,0.04,0.02,0.0,0.02,Santo Domingo,18.30N,69.59W,18.3,-69.59
2013,Algeria,DZA,13253.217509999999,36983924.0,0.050027525,0.01,0.02,0.05,0.03,0.02,0.0,0.02,Algiers,36.42N,03.08E,36.42,3.08
2013,Ecuador,ECU,10665.46258,15061398.0,15.15063185,0.07,0.06,0.18,0.09,0.05,0.02,0.06,Quito,00.15S,78.35W,-0.15,-78.35
2013,Egypt,EGY,9814.21213,85378440.0,0.0,0.0,0.01,0.03,0.02,0.01,0.0,0.01,Cairo,30.01N,31.14E,30.01,31.14
2013,Ethiopia,ETH,1325.7551369999999,88356373.0,6219.318934000001,5.34,1.53,6.08,2.05,0.62,0.54,1.74,Addis Ababa,09.02N,38.42E,9.02,38.42
2013,Gabon,GAB,16502.7522,1594205.0,22715.09038,208.94,54.32,113.11,65.45,21.19,17.85,52.28,Libreville,00.25N,09.26E,0.25,9.26
2013,Georgia,GEO,8254.010766,4278410.0,0.0,0.0,0.0,0.0,0.0,0.0,0.0,0.0,T'bilisi,41.43N,44.50E,41.43,44.5
2013,Ghana,GHA,3807.332985,26131336.0,26147.35685,340.78,83.36,228.88,76.91,23.04,29.07,78.34,Accra,05.35N,00.06W,5.35,-0.06
2013,Guinea,GIN,1234.816309,10753680.0,37575.08456,621.81,127.26,214.88,62.92,17.5,40.53,100.33,Conakry,09.29N,13.49W,9.29,-13.49
2013,Gambia,GMB,1599.1208900000001,1874360.0,27805.98873,62.79,18.35,77.39,24.46,5.16,6.01,20.05,Banjul,13.28N,16.40W,13.28,-16.4
2013,Guatemala,GTM,7005.026928,15527502.0,80.25172057,0.06,0.12,0.47,0.26,0.13,0.03,0.16,Guatemala,14.40N,90.22W,14.4,-90.22
2013,Guyana,GUY,6683.069681,759262.0,6036.32083,1.43,1.96,2.99,2.74,2.4,0.52,2.11,Georgetown,06.50N,58.12W,6.5,-58.12
2013,Honduras,HND,4177.580271,8071522.0,272.9317121,0.4,0.32,1.35,0.51,0.27,0.17,0.39,Tegucigalpa,14.05N,87.14W,14.05,-87.14
2013,Haiti,HTI,1629.358918,10388424.0,1871.5427339999999,0.1,0.09,0.19,0.13,0.11,0.02,0.1,Port-au-Prince,18.40N,72.20W,18.4,-72.2
2013,Indonesia,IDN,9643.27483,247188189.0,2250.567891,5.59,2.46,12.53,3.1,1.84,0.55,3.28,Jakarta,06.09S,106.49E,-6.09,106.49
2013,India,IND,5073.6054890000005,1275137828.0,1946.181754,18.66,3.79,6.88,3.08,1.15,3.87,3.99,New Delhi,28.37N,77.13E,28.37,77.13
2013,Iran,IRN,15964.60744,76407013.0,2.90647155,0.01,0.01,0.04,0.02,0.01,0.0,0.01,Tehran,35.44N,51.30E,35.44,51.3
2013,Kenya,KEN,2682.976337,43923719.0,8301.080459,34.86,7.73,26.78,7.35,1.96,2.09,7.85,Nairobi,01.17S,36.48E,-1.17,36.48
2013,Kyrgyzstan,KGZ,3120.5420440000003,5503253.0,0.07417599700000001,0.0,0.0,0.0,0.0,0.0,0.0,0.0,Bishkek,42.54N,74.46E,42.54,74.46
2013,Cambodia,KHM,2966.1640199999997,14656016.0,1337.410364,17.25,14.1,23.04,17.67,15.46,5.63,14.79,Phnom Penh,11.33N,104.55E,11.33,104.55
2013,Laos,LAO,4830.236825,6458911.0,1097.4013029999999,0.47,0.32,1.01,0.49,0.32,0.08,0.38,Vientiane,17.58N,102.36E,17.58,102.36
2013,Liberia,LBR,818.5893907999999,4348740.0,27023.24193,246.31,60.2,184.14,57.12,14.61,23.81,59.72,Monrovia,06.18N,10.47W,6.18,-10.47
2013,Madagascar,MDG,1364.345909,22555046.0,3556.9139020000002,93.61,26.54,101.76,30.46,10.04,9.82,28.69,Antananarivo,18.55S,47.31E,-18.55,47.31
2013,Mexico,MEX,16315.86272,117478371.0,1.257041556,0.0,0.01,0.03,0.01,0.01,0.0,0.01,Mexico,19.20N,99.10W,19.2,-99.1
2013,Mali,MLI,1793.723666,16808242.0,23225.4817,807.31,177.73,250.14,78.38,17.99,53.26,124.15,Bamako,12.34N,07.55W,12.34,-7.55
2013,Myanmar,MMR,4457.901329,49119646.0,3154.9526809999998,16.57,14.18,28.6,20.2,14.34,5.87,15.29,Yangon,16.45N,96.20E,16.45,96.2
2013,Mozambique,MOZ,1034.5894230000001,25028313.0,31221.216739999996,353.71,85.24,158.2,49.63,16.23,29.52,66.45,Maputo,25.58S,32.32E,-25.58,32.32
2013,Mauritania,MRT,3565.521999,3704414.0,17311.19795,31.03,6.74,23.24,7.31,1.98,2.26,7.31,Nouakchott,20.10S,57.30E,-20.1,57.3
2013,Malawi,MWI,1062.164941,16406945.0,26033.13281,245.39,57.57,104.68,37.47,9.17,16.39,44.39,Lilongwe,14.00S,33.48E,-14.0,33.48
2013,Malaysia,MYS,23224.21529,29787203.0,56.21439908,0.04,0.05,0.2,0.11,0.05,0.01,0.06,Kuala Lumpur,03.09N,101.41E,3.09,101.41
2013,Namibia,NAM,9259.130522,2404477.0,128.9154408,11.85,4.07,10.61,5.14,2.5,2.15,4.38,Windhoek,22.35S,17.04E,-22.35,17.04
2013,Nigeria,NGA,5479.058339,170901148.0,31118.022189999996,737.7,144.19,181.83,44.18,11.36,38.89,102.75,Abuja,09.05N,07.32E,9.05,7.32
2013,Nicaragua,NIC,4618.727191,6041763.0,22.11296728,0.05,0.05,0.18,0.09,0.05,0.01,0.06,Managua,12.06N,86.20W,12.06,-86.2
2013,Nepal,NPL,2163.950489,31535507.0,63.07855218,7.41,2.44,4.99,2.06,0.7,3.17,2.3,Kathmandu,27.45N,85.20E,27.45,85.2
2013,Oman,OMN,41924.49977,2957333.0,0.0,0.0,0.0,0.0,0.0,0.0,0.0,0.0,Masqat,23.37N,58.36E,23.37,58.36
2013,Pakistan,PAK,4464.090289,183188847.0,1007.693758,4.71,3.56,9.28,3.21,1.29,7.64,3.65,Islamabad,33.40N,73.10E,33.4,73.1
2013,Panama,PAN,19057.44695,3678264.0,13.77693959,0.0,0.01,0.03,0.02,0.01,0.0,0.01,Panama,09.00N,79.25W,9.0,-79.25
2013,Peru,PER,11430.25578,30075185.0,264.44382290000004,0.03,0.03,0.12,0.05,0.02,0.01,0.03,Lima,12.00S,77.00W,-12.0,-77.0
2013,Philippines,PHL,6306.746066,98112780.0,62.17684535,0.09,0.17,0.66,0.36,0.18,0.04,0.22,Manila,14.40N,121.03E,14.4,121.03
2013,Paraguay,PRY,8227.214713,6798236.0,0.487189208,0.0,0.01,0.03,0.01,0.01,0.0,0.01,Asuncion,25.10S,57.30W,-25.1,-57.3
2013,Rwanda,RWA,1539.15601,11608439.0,5381.236321,81.74,22.13,67.51,23.23,7.4,8.38,21.79,Kigali,01.59S,30.04E,-1.59,30.04
2013,Saudi Arabia,SAU,49537.58573,29319402.0,0.121071665,0.01,0.05,0.09,0.08,0.07,0.0,0.06,Riyadh,24.41N,46.42E,24.41,46.42
2013,Senegal,SEN,2193.171786,13454191.0,23652.24793,80.99,23.95,94.53,35.65,8.49,7.56,26.92,Dakar,14.34N,17.29W,14.34,-17.29
2013,Sierra Leone,SLE,1655.1217789999998,6255163.0,29407.138260000003,774.03,156.86,312.93,79.18,21.05,53.0,134.48,Freetown,08.30N,13.17W,8.3,-13.17
2013,El Salvador,SLV,7635.721425,6302723.0,0.44961927700000004,0.0,0.01,0.02,0.01,0.01,0.0,0.01,San Salvador,13.40N,89.10W,13.4,-89.1
2013,Suriname,SUR,15419.307380000002,538882.0,150.1646144,0.44,0.4,0.97,0.64,0.39,0.08,0.43,Paramaribo,05.50N,55.10W,5.5,-55.1
2013,Swaziland,SWZ,7899.011535,1237166.0,32.493164799999995,0.03,0.02,0.05,0.02,0.01,0.01,0.02,Mbabane (administrative),26.18S,31.06E,-26.18,31.06
2013,Chad,TCD,2007.0773190000002,12141876.0,36280.13059,192.01,44.28,83.68,28.32,6.15,12.4,34.15,N'Djamena,12.10N,14.59E,12.1,14.59
2013,Thailand,THA,14777.978290000001,70243267.0,202.59914780000003,0.03,0.07,0.14,0.08,0.07,0.01,0.06,Bangkok,13.45N,100.35E,13.45,100.35
2013,Turkey,TUR,21650.75677,75359032.0,0.014937616,0.0,0.0,0.02,0.01,0.0,0.0,0.01,Ankara,39.57N,32.54E,39.57,32.54
2013,Tanzania,TZA,2316.44306,49153002.0,21897.635980000003,123.98,29.66,67.0,23.58,6.78,8.18,25.33,Dodoma,06.08S,35.45E,-6.08,35.45
2013,Uganda,UGA,1637.352827,36759274.0,28011.94928,278.39,69.03,148.64,47.62,11.32,20.18,54.16,Kampala,00.20N,32.30E,0.2,32.3
2013,Venezuela,VEN,17665.24,30340637.0,200.08906509999997,0.07,0.06,0.14,0.08,0.07,0.02,0.06,Caracas,10.30N,66.55W,10.3,-66.55
2013,Vietnam,VNM,5121.740811,90656550.0,28.3809365,1.38,1.23,3.39,1.78,1.1,0.38,1.29,Hanoi,21.05N,105.55E,21.05,105.55
2013,South Africa,ZAF,12445.63593,50981076.0,34.55213556,0.16,0.28,0.41,0.37,0.27,0.28,0.29,Cape Town (legislative) ,25.44S,28.12E,-25.44,28.12
2013,Zambia,ZMB,3576.6806909999996,14314515.0,24518.26384,145.46,35.57,85.06,32.7,7.99,10.81,31.84,Lusaka,15.28S,28.16E,-15.28,28.16
2013,Zimbabwe,ZWE,1901.1834629999998,13327925.0,13491.579130000002,24.57,9.04,23.28,10.97,5.55,4.58,9.42,Harare,17.43S,31.02E,-17.43,31.02
